序號,工程名稱,事業單位名稱,停工日期,復工或復工審查日期,停工範圍,停工原因
1,（109拆106）大業路390號拆除工程,遠碩營造股份有限公司,1100504,1100517,外牆施工架,外牆施工架開口無防護、未設安全上下設備
2,（108建170）大華榮芯新建工程,旺邦營造股份有限公司,1100504,1100507,全區外牆施工架,於高差2公尺以上之工作場所邊緣及開口部分，未設置符合規定之護欄、護蓋、安全網或配掛安全帶之防墜設施。
3,（106建221）大同區圓環段一小段0221-0000號共17筆地號集合住宅新建工程,華熊營造股份有限公司,1100505,1100513,陽台周圍（14樓至15樓）,未設防墜設施
4,大理街-接待中心工程案,吳思瑩（即日誠企業社）,1100507,1100513,全區施工架,全區施工架未防護
5,（106建160）華造三世新建工程,信升昌營造股份有限公司,1100511,1100517,外牆施工架,外牆施工架開口無防護
6,（103建278）和典建設吉林段一小段新建工程,地樺營造事業股份有限公司,1100511,1100517,全區外牆施工架,於高差2公尺以上之工作場所邊緣及開口部分，未設置符合規定之護欄、護蓋、安全網或配掛安全帶之防墜設施。
7,永明區民活動中心大樓建築物耐震補強工程,台灣三菱營造股份有限公司,1100512,1100519,外牆施工架、1樓臨時分電盤,外牆施工架開口無防護、1樓臨時分電盤未設漏電斷路器
8,永明區民活動中心大樓建築物耐震補強工程,拓緯工程顧問有限公司,1100512,1100519,外牆施工架,外牆施工架開口無防護
9,（107建016）壕華建設股份有限公司新建工程,嘉大營造股份有限公司,1100515,1100520,全區外牆施工架,全區外牆施工架未防護
10,（107建148）濟盟東新街新建工程,嘉泰營造股份有限公司,1100604,1100608,B棟2樓至5樓陽臺，露梁,僱用勞工於B棟2樓至5樓陽臺，露梁從事營建施工管理等作業，高度2公尺以上開口未設置護欄、安全網等防護設備。
11,（106建216）森美新建工程,暘昌營造股份有限公司,1100617,1100621,中庭景觀區,僱用勞工於中庭景觀區從事營建施工管理等作業，高度2公尺以上開口部分未設置護欄、護蓋、安全網等防護設備。
12,私立三軍幼兒園中庭採光罩整修工程,定強工程有限公司,1100619,1100702,中庭採光罩,使勞工於易踏穿材料構築之屋頂作業時，未規劃安全通道，於屋架上設置適當強度，且寬度在三十公分以上之踏板，並於下方適當範圍裝設堅固格柵或安全網等防墜設施、高差超過1.5公尺以上之場所作業，未設置符合規定之安全上下設備。
13,（108建117）1樹巷新建工程,新豪營造股份有限公司,1100629,1100706,外牆施工架,外牆施工架開口無防護
14,（107建118）內湖區石潭段三小段493號等八筆土地新建工程,詳益營造工程股份有限公司,1100630,1100702,A、B棟外牆施工架,僱用勞工於A、B棟外牆施工架從事營建施工管理等作業，高度2公尺以上開口未設置護欄、護蓋、安全網等防護設備。
15,（110拆016）寶豐隆敦南大樓舊有建築物拆除工程,三井工程股份有限公司,1100705,1100712,外牆施工架、屋頂分電盤,外牆施工架開口無防護、屋頂分電盤未設漏電斷路器
16,（108建009）光復南路集合住宅新建工程,富瑄營造股份有限公司,1100708,1100713,1樓至8樓鋼構、1樓樓板邊緣及大門口前,未設防墜設施
17,舍香永陞石牌案銷售中心搭建工程,聖高工程有限公司,1100708,1100713,外牆施工架,僱用勞工於外牆施工架從事營建施工管理等作業，高度2公尺以上開口未設置護欄、安全網等防護設備。
18,停車場地坪標線油漆作業,藍金樹（即湧泉工程行）,1100712,,臺北市中正區忠孝東路1段55號地下室1樓及地下室2樓。,事業單位於通風不充分之室內作業場所使用含甲苯之有機溶劑作業，未設有密閉設備、局部排氣裝置或整體換氣裝置之儲槽等之作業場所，未供給作業勞工輸氣管面罩，並使其確實佩戴使用。
19,（107雜027）（107建242）廣慈博愛園區整體開發計畫公共住宅第C標統包工程,雙喜營造股份有限公司,1100712,1100719,地下3樓電梯井,僱用勞工於地下3樓電梯井從事營建施工管理等作業，高度2公尺以上開口未設置護欄、安全網等防護設備。
20,（107雜027）（107建242）廣慈博愛園區整體開發計畫公共住宅第C標統包工程,孫文郁建築師事務所,1100712,1100719,地下3樓電梯井,僱用勞工於地下3樓電梯井從事監造管理等作業，高度2公尺以上開口未設置護欄、安全網等防護設備。
21,（107建020）新碩華悅新建工程,遠碩營造股份有限公司,1100714,1100810,地上樓層。,發生勞工墜落死亡職業災害。
22,（108建031）臺北市興隆公共住宅二期E基地新建工程,新亞建設開發股份有限公司,1100717,1100723,全區施工架,全區施工架無防護。
23,（107建243）臺北市興隆公共住宅二期A基地新建工程,新亞建設開發股份有限公司,1100717,1100723,全區施工架,全區施工架無防護。
24,（108建079）臺北市內湖區河濱高中基地公共住宅統包工程,中華工程股份有限公司,1100719,1100726,外牆、1樓室內及挑空區施工架。,外牆、1樓室內及挑空區施工架未有防護。
25,（107建185）延平段住宅新建工程,瓏山林營建股份有限公司,1100727,1100729,西側2樓以上外牆施工架,西側2樓以上外牆施工架高度2公尺以上開口未防護。
26,虎林街70巷37號4樓室內裝修工程,廣隆室內裝修有限公司,1100728,1100802,外牆鋁框花台。,外牆鋁框花台作業未有防護。
27,（109建116）大同區大同段522等4筆地號新建工程,興澤營造股份有限公司,1100731,1100803,地下1樓樓板,僱用勞工於地下1樓樓板從事營建施工管理等作業，高度2公尺以上開口未設置護欄、護蓋、安全網等防護設備。
28,（106建080）國立台灣大學醫學院附設癌醫中心醫院「輻射科學暨質子治療中心」新建工程,日商清水營造工程股份有限公司台灣分公司,1100731,1100804,外牆施工架,外牆施工架開口無防護。
29,（108建062）台北市大同區西寧北路86巷8號修建工程,億成營造有限公司,1100804,1100809,2樓以上施工架,2樓以上施工架2公尺以上開口未防護。
30,（109建168）大安區信義路3段147巷47號增建工程,安固營造工程股份有限公司,1100804,1100809,外牆施工架,外牆施工架開口無防護
31,（104建199）方原開發北投區立農段集合住宅新建工程,福益營造股份有限公司,1100805,1100809,外牆施工架,僱用勞工於外牆施工架從事營建施工管理等作業，高度2公尺以上開口未設置護欄、安全網等防護設備。
32,（106建041）臺北市萬華區莒光段公共住宅新建工程,世鑫營造有限公司,1100809,1100810,全區外牆施工架,僱用勞工於全區外牆施工架從事拆架等作業，高度2公尺以上開口未設置護欄、護蓋、安全網等防護設備。
33,（108建130）臺北市殯葬管理處第二殯儀館二期整建工程,楊瑞禎聯合建築師事務所,1100812,1100816,地下2樓,地下2樓板開口無防護。
34,（108建130）臺北市殯葬管理處第二殯儀館二期整建工程,應州工程有限公司,1100812,1100816,地下2樓,地下2樓板開口無防護。
35,（107建095）臺北市大安區辛亥段四小段辦公大樓新建工程,龍進營造有限公司,1100817,1100820,棄土坑,棄土坑未設安全上下設備、未設擋土支撐
36,光復南路485號樣品屋裝修工程,永鉅國際室內裝修設計有限公司,1100818,1100908,外牆施工架,外牆施工架開口未設置護欄、護蓋及安全網等防護設備。
37,（109拆096）拆除工程,田鼎營造股份有限公司,1100819,1101004,全區外牆施工架,全區外牆施工架未防護
38,（108建186）建成綜合大樓改建工程,勁強營造有限公司,1100821,1100823,10樓板（東南側）,10樓板（東南側）2公尺以上開口未防護。
39,（108建186）建成綜合大樓改建工程,蔡孟哲建築師事務所,1100821,1100823,10樓板（東南側）,10樓板（東南側）2公尺以上開口未防護。
40,（108建079）臺北市內湖區河濱高中基地公共住宅統包工程,中華工程股份有限公司,1100821,1100824,B棟1~3樓外牆及6樓挑空區施工架。,B棟1~3樓外牆及6樓挑空區施工架未有防護。
41,（109建257）僑馥建經房屋拆併建工程,萬堡營造股份有限公司,1100824,1100907,外牆竹架（全區）,未設置防墜措施、未設置安全上下設備。
42,（107建085）臺北市萬華區青年公共住宅二期統包工程,偉銓營造有限公司,1100827,1100830,A棟南側客梯、B棟南側客梯,僱用勞工於A棟南側客梯、B棟南側客梯從事營建施工管理等作業，高度2公尺以上開口未設置護欄、護蓋、安全網等防護設備。
43,（108建113）東亞經建榮星段集合住宅大樓新建工程,華熊營造股份有限公司,1100827,1100901,15樓至屋突2樓。,15樓至屋突2樓未防護。
44,（107建137）美邦開發建設中正區中正段二小段集合住宅新建工程,金盟營造有限公司,1100828,1100903,全區外牆施工架,於高差2公尺以上之工作場所邊緣及開口部分，未設置符合規定之護欄、護蓋、安全網或配掛安全帶之防墜設施。
45,（106建181）臺北市南港區小彎基地公共住宅新建工程,國記營造股份有限公司,1100828,1100906,地下3樓排氣機房,地下3樓排氣機房有接觸絕緣被覆配線或移動電線或電氣機具、設備，未有防止絕緣被覆破壞致引起感電危害之設施。
46,（108建179）和鼎懷生段新建工程,暘昌營造股份有限公司,1100829,1100901,地下2樓變壓器、6樓及汽車昇降直井施工架,地下2樓變壓器未設置護圍、6樓及汽車昇降直井施工架開口無防護
47,（106建112）國立臺灣大學工學院綜合新館新建工程,境向聯合建築師事務所,1100906,1100910,大型演講廳外側施工架、舊機館A、B棟外牆施工架、舊機館B棟1、2樓室內施工架,大型演講廳外側施工架、舊機館A、B棟外牆施工架、舊機館B棟1、2樓室內施工架開口無防護。
48,（106建112）國立臺灣大學工學院綜合新館新建工程,昌吉營造股份有限公司,1100906,1100910,大型演講廳外側施工架、舊機館A、B棟外牆施工架、舊機館B棟1、2樓室內施工架,大型演講廳外側施工架、舊機館A、B棟外牆施工架、舊機館B棟1、2樓室內施工架開口無防護。
49,（105建133）105建133新建工程,利榮營造有限公司,1100909,1100910,2樓樓板四周及2樓樓梯口,2樓樓板四周及2樓樓梯開口無防護。
50,（106建156）東驛南港東新案新建工程,吉泰企業股份有限公司,1100909,1100910,外牆施工架（全區）,外牆施工架（全區）無防護
51,（106建080）國立台灣大學醫學院附設癌醫中心醫院「輻射科學暨質子治療中心」新建工程,日商清水營造工程股份有限公司台灣分公司,1100911,1100916,3樓露臺外牆施工架、西側外牆施工架,3樓露臺外牆施工架、西側外牆施工架開口無防護
52,（107建026）大安區復興段三小段集合住宅大樓新建工程,富永營造股份有限公司,1100911,1100917,全區外牆施工架,僱用勞工於全區外牆施工架從事營建施工管理等作業，高度2公尺以上開口未設置護欄、護蓋、安全網等防護設備。
53,（108建240）連雲臺北學住宅新建工程,展瑞營造股份有限公司,1100913,1100916,地下1樓至地下3樓電梯井施工架。,地下1樓至地下3樓電梯井施工架開口未防護。
54,（108建021）北投區溫泉段四小段是山新建工程,鐿明企業股份有限公司,1100915,1100916,11樓外牆施工架,僱用勞工於11樓外牆施工架從事組架理等作業，高度2公尺以上開口未設置護欄、安全網等防護設備。
55,（108建223）松江路大樓新建工程,三井工程股份有限公司,1100919,1100930,外牆施工架及1樓挑高區施工架。,外牆施工架及1樓挑高區施工架開口無防護、外牆施工架未設安全上下設備。
56,（109建116）大同區大同段522等4筆地號新建工程,興澤營造股份有限公司,1100922,1100923,汽機車停車機坑、柱施工架,汽機車停車機坑、柱施工架高度超過2公尺以上開口未防護。汽機車停車機坑、柱施工架高差超過1.5公尺未設置安全上下設備。
57,（105建198）帝璽集合住宅新建工程,宏林營造廠股份有限公司,1100923,1100924,21樓至屋突2樓外牆施工架。,21樓至屋突2樓外牆施工架開口未防護。
58,（108建066）臺北市信義區六張犁營區B街廓基地公共住宅統包工程,新亞建設開發股份有限公司,1100924,1100929,B1棟外牆施工架,B1棟外牆施工架開口未設置護欄、護蓋及安全網等防護設備。
59,（108建057）華誼民權大同段新建工程,震昌工程股份有限公司,1100926,1100927,西側6樓板,西側6樓板開口高度超過2公尺未防護。
60,（107建239）鴻亞興城街住宅新建工程,震昌工程股份有限公司,1100926,1100927,10樓以上電梯井、樓梯、外牆施工架。,10樓以上電梯井、樓梯、外牆施工架2公尺以上開口未防護。
61,（107建056）國立臺灣大學人文館新建工程,豐譽營造股份有限公司,1100928,1101005,1樓露天施工排架、地下2樓階梯教室施工排架、J樓梯。,1樓露天施工排架、地下2樓階梯教室施工排架、J樓梯開口無防護。
62,（100建181）臺北文化體育園區大型室內體育館新建工程,台灣大林組營造股份有限公司,1100928,1101004,捷運通風井外牆施工架,捷運通風井外牆施工架開口未設置護欄、護蓋及安全網等防護設備。
63,臺北都會區大眾捷運系統萬大-中和-樹林線（第一期工程）CQ840區段標工程,大陸工程股份有限公司,1100928,1101210,隧道潛盾機機械作業。,發生勞工重大職業災害（勞動檢查法第27條）。
64,（108建078）內湖區西湖段二小段162、163地號集合住宅新建工程,泰亞營造股份有限公司,1101001,1101008,全區外牆施工架。,全區外牆施工架於高差2公尺以上之工作場所邊緣及開口部分，未設置符合規定之護欄、護蓋、安全網或配掛安全帶之防墜設施。
65,（107建085）臺北市萬華區青年公共住宅二期統包工程,偉銓營造有限公司,1101002,1101007,全區外牆施工架。,全區外牆施工架高差2公尺以上之工作場所邊緣及開口部分，未設置符合規定之護欄、護蓋、安全網或配掛安全帶之防墜設施。
66,（107建123）榮曜建設漢中段新建工程,億東營造股份有限公司,1101005,1101008,11樓至15樓外牆施工架。,11樓至15樓外牆施工架開口未防護。
67,（108建236）首敦旭日大樓新建工程,鴻祥營造股份有限公司,1101005,1101008,全區外牆施工架。,全區外牆施工架高差2公尺以上之工作場所邊緣及開口部分，未設置符合規定之護欄、護蓋、安全網或配掛安全帶之防墜設施。
68,（108建230）新碩華御新建工程,遠碩營造股份有限公司,1101006,1101012,12樓至14樓外牆施工架。,12樓至14樓外牆施工架開口未防護。
69,（108建165）廣宇建設萬和案新建工程,盛德營造股份有限公司,1101007,1101012,A棟天井施工架。,A棟天井施工架開口無防墜設施，勞工有發生墜落災害之虞。
70,（107建119）新北建設松信路新建工程,昶明營造股份有限公司,1101007,1101012,外牆施工架及天井施工架。,外牆施工架及天井施工架開口無防護及天井施工架未設安全上下設備。
71,（109建101）和歌誠美新建工程,擎安工程有限公司,1101008,1101014,連續壁之交流電焊機（2台）。,於工地連續壁鋼筋電焊作業使用之交流電焊機（2台） ，其自動電擊防止裝置線路跳接，無法正常作動。
72,（107建137）美邦開發建設中正區中正段二小段集合住宅新建工程,金盟營造有限公司,1101009,1101018,2樓以上東、南側外牆施工架。,2樓以上東、南側外牆施工架高度2公尺以上開口未防護。
73,（107建002）岳泰建設萬華區福星段集合住宅新建工程,鵬霖營造股份有限公司,1101012,1101015,本工地18至21樓樓梯。,工地18至21樓樓梯開口未防護。
74,（107建059）正隆杭州南路新建工程,山發營造股份有限公司,1101014,1101018,A棟14樓板，B棟13樓至17樓預留垃圾管道、水電管道，B棟13樓天井。,A棟14樓板，B棟13樓至17樓預留垃圾管道、水電管道，B棟13樓天井高差超過2公尺開口有墜落之虞。
75,臺灣銀行萬華分行建築物耐震能力補強工程,欣揚營造工程股份有限公司,1101015,1101027,全區施工架。,全區施工架開口未防護。
76,柏林大廈外牆修繕工程,永興勝營造有限公司,1101018,1101028,全區外牆施工架。,全區外牆施工架從事營建施工管理等作業，高度2公尺以上開口未設置護欄、護蓋、安全網等防護設備。
77,（109建227）士林開發陽明致遠集合住宅新建工程,禾享工程有限公司,1101019,1101109,本工地編號1、3、4、7、10號交流電焊機。,本工地編號1、3、4、7、10號交流電焊機裝設置旁路開關，自動電擊防止裝置無法正常作動。
78,（107建198）鼎邦永吉路案新建工程,久松營造股份有限公司,1101024,1101103,屋突施工架、2至10樓陽臺及天井施工架。,屋突施工架、天井施工架、2至10樓陽臺開口無防護及天井施工架未設安全上下設備。
79,（107建239）鴻亞興城街住宅新建工程,震昌工程股份有限公司,1101025,1101027,內牆施工架。,內牆施工架開口無防墜設施，勞工有發生墜落災害之虞。
80,（102建8888）皇翔建設大同區市府段新建工程,北昌營造股份有限公司,1101031,1101115,9至15樓施工之室內施工架。,9至15樓施工之室內施工架高差2公尺以上之工作場所邊緣及開口部分，未設置符合規定之護欄、護蓋、安全網或配掛安全帶之防墜設施。
81,（110拆099）璞全建設致遠一路一段拆除工程,宏民營造股份有限公司,1101101,1101109,全區外牆施工架、2樓至4樓。,全區外牆施工架、2樓至4樓樓板開口無防護及全區外牆施工架未設安全上下設備
82,（109建128）吉美信義大樓新建工程,連元營造股份有限公司,1101101,1101103,天井施工架。,天井施工架高差2公尺以上之工作場所邊緣及開口部分，未設置符合規定之護欄、護蓋、安全網或配掛安全帶之防墜設施。
83,（110拆130）新碩建設「新碩大砌」新建工程,遠碩營造股份有限公司,1101102,1101110,全區外牆施工架。,全區外牆施工架開口無防護及全區外牆施工架未設安全上下設備。
84,（107建193）士林區陽明段集合住宅新建工程,上承營造股份有限公司,1101103,1101109,外牆施工架及5-6樓梯。,外牆施工架及5-6樓梯開口未有防護。
85,（109建142）恆悅建設中正雋詠新建工程,樹盛營造股份有限公司,1101103,1101105,第4層安全支撐及移動梯。,第4層安全支撐及移動梯高度2公尺以上開口未防護；高度1.5公尺以上未設置安全上下設備。
86,（105建155）文山晶硯新建工程,裕臺營造股份有限公司,1101103,1101118,外牆施工架。,外牆施工架從事營建施工管理作業，高度超過2公尺以上未設置護欄、護蓋或安全網等防護設備。
87,（110拆139）拆除工程,陳勇証（即勇鑫工程行）,1101104,1101105,外牆施工架（全區）。,外牆施工架未設防墜設施。
88,（108建249）南京S2住宅新建工程,崇偉營造工程股份有限公司,1101106,1101112,外牆施工架、11樓電梯口及10樓管道間。,外牆施工架、11樓電梯口開口及10樓管道間開口未有防護。
89,三軍總醫院汀州院區綜合大樓防水整修工程,聖志企業有限公司,1101108,1101112,1樓傘狀構造物處。,1樓傘狀構造物處高差超過1.5公尺以上之1樓傘狀構造物處施工架作業，未設置符合規定之安全上下設備。
90,（107建043）翡儷住宅大樓新建工程,品興營造股份有限公司,1101110,1101111,外牆施工架。,外牆施工架開口無防護。
91,（108建112）君岳岳榕莊新建工程,宗輝營造股份有限公司,1101111,1101112,2樓板管道間及2樓樓梯。,2樓板管道間及2樓樓梯開口未防護。
92,（109建036）臺北市立北投國民中學活動中心新建工程,黃孟偉建築師事務所,1101111,1101115,1至2樓丙樓梯、2樓板及地下1樓。,1至2樓丙樓梯、2樓板開口無防護；1樓至地下1樓未設安全上下設備。
93,（109建036）臺北市立北投國民中學活動中心新建工程,福泰營造股份有限公司,1101111,1101115,1至2樓丙鋼樓梯、2樓板、4樓夾層鋼梁及地下1樓高度2公尺以上牆模。,1至2樓丙鋼樓梯、2樓板、4樓夾層鋼梁開口無防護；1樓至地下1樓未設安全上下設備；地下1樓高度2公尺以上牆模未設工作臺。
94,大安區四維路164之3號5樓屋頂更新工程,葉盈豐,1101111,,5樓屋頂。,5樓屋頂未設防墜設施。
95,（107建043）翡儷住宅大樓新建工程,品興營造股份有限公司,1101111,1101115,外牆施工架。,外牆施工架開口無防護。
96,（107建173）耕薪連雲街大樓新建工程,豐興營造工程有限公司,1101112,1101116,8樓以上外牆施工架。,8樓以上外牆施工架高度超過2公尺以上開口未防護。
97,（109建277）臺北市北投區機一基地公共住宅統包工程,國記營造股份有限公司,1101115,1101118,全區地梁。,全區地梁未設安全上下設備。
98,（109建277）臺北市北投區機一基地公共住宅統包工程,廖晏瑋（即廖晏瑋建築師事務所）,1101115,1101118,全區地梁。,全區地梁未設安全上下設備。
99,丹堤咖啡石牌店裝修工程,宇曜室內裝修有限公司,1101115,1101123,外牆施工架。,外牆施工架開口無防護；外牆施工架未設安全上下設備；外牆施工架未與構造物妥實連結。
100,丹堤咖啡石牌店裝修工程,譽晟營造有限公司,1101115,1101123,外牆施工架。,外牆施工架開口無防護；外牆施工架未設安全上下設備；外牆施工架未與構造物妥實連結。
101,（109建241）羅丹集合住宅新建工程,振昇營造股份有限公司,1101117,1101118,地下1樓板及1樓梁板。,地下1樓板及1樓梁板高度超過2公尺以上開口。
102,（105建038）常殷泊美集合住宅新建工程,豪豐營造股份有限公司,1101117,1101119,3至8樓外牆施工架。,3至8樓外牆施工架開口未防護。
103,（108建186）建成綜合大樓改建工程,勁強營造有限公司,1101117,1101119,5至8樓南側外牆施工架。,5至8樓南側外牆施工架於高差2公尺以上之工作場所邊緣及開口部分，未設置符合規定之護欄、護蓋、安全網或配掛安全帶之防墜設施。
104,（108建048）璞真永吉案住宅大樓新建工程,地樺營造事業股份有限公司,1101121,1101126,A棟外牆施工架及全區地梁。,A棟外牆施工架、全區地梁開口無防護及未設安全上下設備。
105,（108建001）台北市七星農田水利會七星大樓新建工程,富泰營造股份有限公司,1101121,1101124,全區施工架。,全區施工架於高差2公尺以上之工作場所邊緣及開口部分，未設置符合規定之護欄、護蓋、安全網或配掛安全帶之防墜設施。
106,（110建049）福星段二小段0388-0000號等7筆新建工程,崧驊營造有限公司,1101122,1101129,全區外牆施工架。,全區外牆施工架開口未防護。
107,老松公園改善工程,金弘營造有限公司,1101123,1101124,施工架（混凝土溜滑梯區）、蓄水池。,於高差2公尺以上之工作場所邊緣及開口部分，未設置符合規定之護欄、護蓋、安全網或配掛安全帶之防墜設施。
108,（107建085）臺北市萬華區青年公共住宅二期統包工程,偉銓營造有限公司,1101123,1101129,A棟天井施工架。,A棟天井施工架開口未防護。
109,（108建038）臺北市內湖國小新孝悌樓新建工程接續工程,文昌營造工程有限公司,1101123,1101201,外牆施工架、3樓教室雨遮。,外牆施工架、3樓教室雨遮於高差2公尺以上之工作場所邊緣及開口部分，未設置符合規定之護欄、護蓋、安全網或配掛安全帶之防墜設施。
110,（107建198）鼎邦永吉路案新建工程,久松營造股份有限公司,1101123,1101126,A棟南側施工架。,A棟南側施工架開口未防護。
111,（107建030）臺北市大安區復興段房屋新建工程,合興建設股份有限公司,1101124,1101129,5樓以上外牆施工架。,5樓以上外牆施工架未設防墜設施。
112,（108建146）榮華一鹿新建工程,豪豐營造股份有限公司,1101125,1101129,全區外牆施工架。,全區外牆施工架開口無防護及未設安全上下設備。
113,（110拆121）拆除工程,忠明營造工程股份有限公司,1101126,1101206,外牆施工架（全區）。,外牆施工架未設防墜設施。
114,（107建232）臺北市南港區經貿段15地號土地地上權案總包工程,榮工工程股份有限公司,1101126,1101129,挑空區排架。,挑空區排架高差2公尺以上之開口部分，未設置符合規定之防墜設施。
115,（107建031）力麒天母西路案新建工程,力拓營造股份有限公司,1101129,1101208,全區外牆施工架、乙樓梯（1樓至屋頂）、屋突層樓梯。,全區外牆施工架、乙樓梯（1樓至屋頂）、屋突層樓梯開口無防護。
116,（108建232）臺北榮民醫院手術室新建工程,洪清安建築師事務所,1101129,1101202,全區外牆施工架、屋突施工架。,全區外牆施工架、屋突施工架開口無防護。
117,（108建232）臺北榮民醫院手術室新建工程,中鴻營造有限公司,1101129,1101202,全區外牆施工架、屋突施工架。,全區外牆施工架、屋突施工架開口無防護。
118,萬大路9號5樓屋頂修繕工程,正發行,1101202,1101203,5樓屋頂。,5樓屋頂開口未防護。
119,（108建173）詔安建設中山松悅新建工程,山發營造股份有限公司,1101202,1101203,1樓板、地下1樓板。,僱用勞工於1樓板、地下1樓板從事營建施工管理等作業，高度2公尺以上開口未設置護欄、安全網等防護設備。
120,（109建229）安康段科技大樓新建工程,宏林營造廠股份有限公司,1101202,1101209,工區連續壁導溝處。,於高差2公尺以上之工作場所邊緣及開口部分，未設置符合規定之護欄、護蓋、安全網或配掛安全帶之防墜設施。
121,（107建209）台北市北投區泉源段四小段366地號新建工程,展發營造有限公司,1101202,1101210,外牆施工架。,外牆施工架開口無防護。
122,國立臺灣大學文學院研究大樓耐震能力補強工程,山田營造股份有限公司,1101205,1101207,外牆施工架。,僱用勞工於外牆施工架從事營建施工管理作業，高度超過2公尺以上開口未設置護欄、護蓋或安全網等防護設備。
123,（107建126）合砌建築農安街新建工程,東生營造股份有限公司,1101207,1101209,外牆施工架、天井區施工架。,僱用勞工於外牆施工架、天井區施工架從事營建施工管理等作業，高度2公尺以上開口未設置護欄、安全網等防護設備。
124,（109建142）恆悅建設中正雋詠新建工程,樹盛營造股份有限公司,1101208,1101209,第5層安全支撐。,第5層安全支撐2公尺以上開口未設置安全母索及人員未穿戴安全帶。
125,（108建050）內湖321K01停車場新建工程,登山營造股份有限公司,1101208,1101210,工區2樓及2樓施工架。,工區2樓及2樓施工架於高差2公尺以上之工作場所邊緣及開口部分，未設置符合規定之護欄、護蓋、安全網或配掛安全帶之防墜設施及於高差超過1.5公尺以上之場所作業，未設置符合規定之安全上下設備。
126,（109建221）樂揚建設股份有限公司新建工程,順緯營造股份有限公司,1101209,1101210,本工地4至6樓外牆施工架及4至6樓樓梯。,本工地4至6樓外牆施工架及4至6樓樓梯開口未防護。
127,（108建100）朋記建設芝蘭段集合住宅新建工程,華林營造股份有限公司,1101209,1101213,地下2樓樓板。,僱用勞工於地下2樓樓板從事營建施工管理等作業，高度2公尺以上開口未設置護欄、護蓋、安全網等防護設備。
128,大安區和平東路2段107巷11弄1號旁停車塔拆除工程,山源發有限公司,1101210,1101222,外牆施工架。,外牆施工架開口未設防墜設施。
129,（107建012）國立陽明大學士林校區創新育成大樓興建工程,熊敏營造有限公司,1101213,1110105,外牆及車道處施工架。,外牆及車道處施工架開口未有防護。
130,（108建203）臺北市文山區公訓段三小段0361-0002地號新建工程,金盟營造有限公司,1101213,1101215,全區外牆施工架。,外牆施工架開口未防護。
131,（109建275）三磐舍紫貳期新建集合住宅工程,立向營造有限公司,1101214,1101215,地上2樓樓板。,僱用勞工於地上2樓樓板從事營建施工管理等作業，高度2公尺以上開口未設置護欄、護蓋、安全網等防護設備。
132,（105建173）國立臺北科技大學林森校舍重建工程（誠樸樓新建工程）,偉大建設股份有限公司,1101214,1101217,北側外牆施工架（RC牆）。,北側外牆施工架（RC牆）高度超過2公尺以上開口未設置安全防護設備。
133,（107建001）亞昕華威集合住宅新建工程,國原營造股份有限公司,1101214,1101217,18至19樓外牆施工架。,18至19樓外牆施工架開口無防墜措施，勞工有發生墜落災害之虞。
134,（109建022）恆合龍泉段109-0022號集合住宅新建工程,得協企業股份有限公司,1101216,1101217,機坑區施工架。,僱用勞工於機坑區施工架從事從事施工架拆架作業，高度超過2公尺以上開口未設置護欄、護蓋或安全網等防護設備。
135,（109建258）臺北植物園溫室整建工程,佳恩營造實業有限公司,1101216,1101221,1樓溫室施工架。,1樓溫室施工架高差超過1.5公尺以上未設安全上下設備。
136,（110拆149）阿曼開發（中山區長安段1小段0703-000等6筆地號）建物拆除工程,大鋼牙營造有限公司,1101217,1101221,全區外牆施工架。,外牆施工架於高差2公尺以上之工作場所邊緣及開口部分，未設置符合規定之護欄、護蓋、安全網或配掛安全帶之防墜設施。
137,（110拆082）長青樓建築物拆除工程暨停車場鋪設工程,久松營造股份有限公司,1101217,1101223,外牆施工架、2至6樓。,外牆施工架、2至6樓樓板開口無防護。
138,（110拆082）長青樓建築物拆除工程暨停車場鋪設工程,程俊強建築師事務所,1101217,1101223,2至6樓。,2至6樓樓板開口無防護。
139,（109建151）新美齊心居新建工程,信創營造股份有限公司,1101218,1101222,1樓室內施工架、5樓樓梯平台及6樓天景平台。,1樓室內施工架、5樓樓梯平台及6樓天景平台開口未有防護。
140,（106建197）森原‧愛山林南港R13新建工程,連元營造股份有限公司,1101218,1101224,外牆施工架。,外牆施工架開口未有防護。
141,（100建181）遠雄旅館及辦公大樓新建工程,遠雄巨蛋事業股份有限公司,1101221,1101223,地下管道間。,地下管道間高度2公尺以上開口有墜落之虞未設置安全防墜設施。
142,（110拆138、139）懷生726案拆屋及廢棄物運棄工程,森泓營造股份有限公司,1101221,1101224,屋頂板。,於高差2公尺以上之屋頂板工作場所邊緣及開口部分，未設置符合規定之護欄、護蓋、安全網或配掛安全帶之防墜設施。
143,（109建131）台北市內湖區康寧段危老拆除暨新建工程,恩興營造有限公司,1101223,1101227,全區外牆施工架及1樓以上區域。,全區外牆施工架及1樓以上區域於高差2公尺以上之工作場所邊緣及開口部分，未設置符合規定之護欄、護蓋、安全網或配掛安全帶之防墜設施。
144,（110拆136）國立臺北大學建國校區產業研發中心新建營運移轉案-既有校舍拆除工程,宏昕營造有限公司,1101224,1101227,各樓層棄土孔。,各樓層棄土孔開口未防護。
145,（109建123）臺北市敦化國小校舍拆除改建工程主體工程,莊輝和（即萬邦建築師事務所）,1110101,1110310,2至4樓,2至4樓樓板開口無防護。
146,（109建123）臺北市敦化國小校舍拆除改建工程主體工程,偉大建設股份有限公司,1110101,1110310,4樓鋼樑,4樓鋼樑開口部分，未設置符合規定之護欄、護蓋、安全網或配掛安全帶之防墜設施。
147,（107建232）臺北市南港區經貿段15地號土地地上權案總包工程,榮工工程股份有限公司,1110105,1110111,2樓1區雨庇鋼梁、B棟與C棟電梯井鋼梁,2樓1區雨庇鋼梁、B棟與C棟電梯井鋼梁開口無防護。
148,（109建183）寶和稙秀新建工程,蔡玉花（即英暉工程行）,1110106,1110110,2樓板,僱用勞工於2樓板從事外牆施工架組立等作業，高度2公尺以上開口未設置護欄、安全網等防護設備。
149,（109建022）恆合龍泉段109-0022號集合住宅新建工程,恆合營造有限公司,1110106,1110107,2樓板,2樓板2公尺以上開口未設置護欄、護蓋或安全網等防護設備。
150,（107建039）虹欣建設南港區玉成段三小段住宅大樓新建工程,宏林營造廠股份有限公司,1110107,1110113,B棟3樓及9樓陽臺開口、B棟15樓陽鋼梁開口、地下2樓電梯直井吊料平臺,B棟3樓及9樓陽臺開口、B棟15樓陽鋼梁開口、地下2樓電梯直井吊料平臺開口未設防護。
151,（107建002）岳泰建設萬華區福星段集合住宅新建工程,鵬霖營造股份有限公司,1110107,1110114,15樓以上全區外牆施工架,15樓以上全區外牆施工架高度2公尺以上開口未設防護。
152,（107建002）岳泰建設萬華區福星段集合住宅新建工程,洪金和（即和鑫實業行）,1110107,1110114,3號電梯井,3號電梯井高度超過2公尺以上未設置防護措施。
153,（108建001）台北市七星農田水利會七星大樓新建工程,富泰營造股份有限公司,1110107,1110111,1樓室內施工架,1樓室內施工架開口未有防護。
154,（110拆019）富邦產物保險股份有限公司大樓拆除工程,達欣工程股份有限公司,1110107,1110110,東側外牆施工架,僱用勞工於東側外牆施工架從事營建施工管理等作業，高度2公尺以上開口未設置護欄、護蓋、安全網等防護設備。
155,（108建186）建成綜合大樓改建工程,勁強營造有限公司,1110108,1110110,3樓至5樓北、東、西側外牆施工架,3樓至5樓北、東、西側外牆施工架開口未防護。
156,（108建227）臺北市南港區南港機廠基地公共住宅統包工程,大陸工程股份有限公司,1110109,1110113,南棟天井施工架及電梯直井施工架,南棟天井施工架及電梯直井施工架開口無防護設備。
157,（107建193）士林區陽明段集合住宅新建工程,上承營造股份有限公司,1110110,1110114,全區外牆施工架,僱用勞工於全區外牆施工架從事營建施工管理等作業，高度2公尺以上開口未設置護欄、安全網等防護設備。
158,（106建012）台北市萬華區萬大路住宅新建工程,毅豐營造工程有限公司,1110110,1110112,全區外牆施工架,全區外牆施工架高度超過2公尺以上開口未防護。
159,（109建258）臺北植物園溫室整建工程,佳恩營造實業有限公司,1110110,1110113,鋼樓梯（1樓至頂樓）,於高差2公尺以上之鋼樓梯（1樓至頂樓）工作場所邊緣及開口部分，未設置符合規定之護欄、護蓋、安全網或配掛安全帶之防墜設施。
160,（107建138）寶徠信義新建工程,璞承營造股份有限公司,1110111,1110113,1樓至地下1樓車道頂板,1樓至地下1樓車道頂板開口未防護。
161,（109建032）瑞安信義大樓新建工程,家甫營造股份有限公司,1110111,1110113,東側地下2樓樓板至地下3樓樓板通道,僱用勞工於東側地下2樓樓板至地下3樓樓板通道從事營建施工管理等作業，高度2公尺以上開口未設置護欄、護蓋、安全網等防護設備。
162,國立歷史博物館修復及再利用第一期工程,潤昶有限公司,1110112,1110113,3、4樓露臺,於高差2公尺以上之工作場所邊緣及開口部分，未設置符合規定之護欄、護蓋、安全網或配掛安全帶之防墜設施。
163,（108建217）基泰建中集合住宅新建工程,華林營造股份有限公司,1110113,1110121,全區外牆施工架,全區外牆施工架高度2公尺以上開口未防護。
164,（108建012）登峰大廈都市更新案新建工程,森城建設股份有限公司,1110113,1110114,3樓板及2樓外牆施工架,僱用勞工於3樓板及2樓外牆施工架從事營建施工管理作業，高度超過2公尺以上開口未設置護欄、護蓋或安全網等防護設備。
165,（108建222）御府建設興順二期新建工程,元洲營造工程股份有限公司,1110114,1110120,地下2樓至地上1樓室內施工架,地下2樓至地上1樓室內施工架開口無防墜措施，勞工有發生墜落災害之虞。
166,（107建098）京倫隱苑新建工程,昇邦營造股份有限公司,1110116,1110120,地上1樓至3樓施工架,地上1樓至3樓施工架開口無防墜措施，勞工有發生墜落災害之虞。
167,（108建116）萬華區華中二小段0191-000-0002地號新建工程,安家國際營造股份有限公司,1110116,1110120,地上3樓至8樓外牆施工架,地上3樓至8樓外牆施工架開口無防墜措施，勞工有發生墜落災害之虞。
168,（109建028）臺北市文山區景美女中調車場基地公共住宅統包工程,久年營造股份有限公司,1110117,1110126,A棟地上5樓至12樓天井施工架,A棟地上5樓至12樓天井施工架開口無防墜措施，勞工有發生墜落災害之虞。
169,（108建051）臺北市信義區六張犁營區A街廓基地公共住宅統包工程,新亞建設開發股份有限公司,1110118,1110120,12至16樓外牆施工架,12至16樓外牆施工架開口未防護。
170,（108建066）臺北市信義區六張犁營區B街廓基地公共住宅統包工程,新亞建設開發股份有限公司,1110118,1110120,B2棟10至12樓外牆施工架,B2棟10至12樓外牆施工架開口未防護。
171,（108建073）三美實業南港段三小段41地號新建工程,億東營造股份有限公司,1110119,1110127,北側外牆施工架,北側外牆施工架開口無防護。
172,天玉街接待中心裝修工程,東基鋼鐵有限公司,1110120,1110124,鋼構屋頂,僱用勞工於鋼構屋頂從事鋼構組裝等作業，高度2公尺以上開口未設置護欄、安全網等防護設備。
173,天玉街接待中心裝修工程,東基鋼鐵有限公司,1110120,1110124,鋼構屋頂,僱用勞工於於鋼構屋頂未設置安全上下設備。
174,（106建139）兆晉建設有限公司等商業住宅新建工程,國王營造股份有限公司,1110122,1110208,C棟北側2樓至15樓施工架,C棟北側2樓至15樓施工架開口無防墜措施，勞工有發生墜落災害之虞。
175,（107建198）鼎邦永吉路案新建工程,久松營造股份有限公司,1110125,1110127,A棟8至10樓外牆施工架,A棟8至10樓外牆施工架未設防護設備。
176,柏林大廈外牆修繕工程,永興勝營造有限公司,1110126,1110127,全區外牆施工架,僱用勞工於全區外牆施工架從事營建施工管理等作業，高度2公尺以上開口未設置護欄、安全網等防護設備。
177,北區資材調度中心建置工程,碧山工程有限公司,1110210,1110215,2、3樓開口處、電梯井、施工架,高差2公尺以上之工作場所邊緣及開口部分，應設置符合規定之護欄、護蓋、安全網或配掛安全帶之防墜設施。
178,（110雜025）元利建設雜項工作物新建工程,五益營造股份有限公司,1110210,1110214,西側導溝。,西側導溝開口未設防護；高差1.5公尺以上未設置安全上下設備。
179,（108建196）忠孝98辦公大樓新建工程,禾峰營造股份有限公司,1110210,1110216,南側外牆施工架。,僱用勞工於南側外牆施工架從事營建施工管理等作業，高度2公尺以上開口部分未設置護欄、護蓋、安全網等防護設備。
180,（109建067）寶紘敦南商業大樓新建工程,達欣工程股份有限公司,1110211,1110216,5樓鋼梁。,僱用勞工於5樓鋼梁從事營建施工管理等作業，高度2公尺以上開口未設置護欄、安全網等防護設備。
181,（107建233）金聯政大麗堡住宅新建工程,賀建營造有限公司,1110211,1110218,北側地上2樓至6樓外牆施工架。,北側地上2樓至6樓外牆施工架開口無防墜措施。
182,（108建249）南京S2住宅新建工程,崇偉營造工程股份有限公司,1110211,1110307,外牆施工架及頂層樓板開口。,外牆施工架及頂層樓板開口未有防護。
183,（109建198）天母雅築新建工程,加興營造工程股份有限公司,1110212,1110214,全區外牆施工架。,僱用勞工於全區外牆施工架從事營建施工管理等作業，高度2公尺以上開口未設置護欄、安全網等防護設備。
184,（108建236）首敦旭日大樓新建工程,鴻祥營造股份有限公司,1110213,1110216,外牆及停車設備機坑內施工架。,外牆及停車設備機坑內施工架於高差2公尺以上之工作場所邊緣及開口部分未有防護。
185,（108建019）宏普建設長安段二小段683-2地號等13筆土地集合住宅新建工程,朱炳輝（即勇昌工程行）,1110214,1110217,全區外牆施工架。,全區外牆施工架於高差2公尺以上之工作場所邊緣及開口部分未設置護欄、護蓋、安全網等防護設備。
186,（107建002）岳泰建設萬華區福星段集合住宅新建工程,鵬霖營造股份有限公司,1110215,1110222,全區14樓以下外牆施工架。,全區14樓以下外牆施工架高度超過2公尺以上未設置防護設備。
187,（109建241）羅丹集合住宅新建工程,新城營造股份有限公司,1110218,1110222,5樓樓板四周、5樓至4樓樓梯及5樓以上外牆施工架。,5樓樓板四周、5樓至4樓樓梯及5樓以上外牆施工架係高差2公尺以上之工作場所邊緣及開口部分，未設置符合規定之護欄、護蓋、安全網或配掛安全帶之防墜設施。
188,（108建051）臺北市信義區六張犁營區A街廓基地公共住宅統包工程,新亞建設開發股份有限公司,1110219,1110223,西側天井施工架。,西側天井施工架於高差2公尺以上之工作場所邊緣及開口未設防護；於高差超過1.5公尺以上未設置安全上下設備。
189,（108建066）臺北市信義區六張犁營區B街廓基地公共住宅統包工程,新亞建設開發股份有限公司,1110219,1110223,全區天井施工架。,全區天井施工架於高差2公尺以上之工作場所邊緣及開口未設防護。
190,（106建160）華造三世新建工程,信升昌營造股份有限公司,1110223,1110303,1樓汽車升降口施工架。,1樓汽車升降口施工架於高差超過1.5公尺以上未設安全上下設備。
191,（108建001）台北市七星農田水利會七星大樓新建工程,富泰營造股份有限公司,1110223,1110225,1樓施工架。,1樓施工架高度2公尺以上開口部分，未設置護欄、護蓋或安全網等防護設備。
192,柏林大廈外牆修繕工程,永興勝營造有限公司,1110224,1110225,全區外牆施工架。,僱用勞工於西側外牆施工架、屋突外牆施工架從事營建施工管理等作業，高度2公尺以上開口未設置護欄、安全網等防護設備。
193,（108建217）基泰建中集合住宅新建工程,華林營造股份有限公司,1110224,1110302,屋突層外牆施工架。,屋突層外牆施工架高度2公尺以上未設置安全防護設備。
194,（107建012）國立陽明大學士林校區創新育成大樓興建工程,熊敏營造有限公司,1110224,1110225,全區外牆施工架。,僱用勞工於全區外牆施工架從事營建施工管理等作業，高度2公尺以上開口未設置護欄、安全網等防護設備。
195,（106雜017）（106建237）富邦人壽A25新建工程,利晉工程股份有限公司,1110224,1110301,地下4樓甲區樓板。,地下4樓甲區樓板於高差2公尺以上之工作場所邊緣及開口未設防護；高差1.5公尺以上未設置安全上下設備。
196,（111拆018）拆除工程,宏昕營造有限公司,1110225,1110302,外牆施工架。,外牆施工架係高差2公尺以上之工作場所邊緣及開口部分，未設置符合規定之護欄、護蓋、安全網之防墜設施。
197,北投區建民路162巷11號3樓防水工程,淞柏工程有限公司,1110302,1110307,外牆施工架。,外牆施工架於高差2公尺以上之工作場所邊緣及開口部分，未設置符合規定之護欄、護蓋、安全網或配掛安全帶之防墜設施。
198,（103建186）躍馬壹號敦南旅館新建工程,勝堡村營造工程股份有限公司,1110302,1110304,全區外牆施工架。,全區外牆施工架，高差2公尺以上之工作場所邊緣及開口部分，未設置符合規定之護欄、護蓋、安全網或配掛安全帶之防墜設施。
199,（107建228）士林區天玉段一小段新建工程,崇進營造股份有限公司,1110303,1110309,全區外牆施工架。,僱用勞工於全區外牆施工架從事營建施工管理等作業，高度2公尺以上開口未設置護欄、安全網等防護設備。
200,（109建078）岩鼎峰雅房屋新建工程,嘉益營造股份有限公司,1110303,1110307,3樓板周邊，全區外牆施工。,僱用勞工於3樓板周邊，全區外牆施工從事營建施工管理等作業，高度2公尺以上開口未設置護欄、安全網等防護設備。
201,（109建128）吉美信義大樓新建工程,連元營造股份有限公司,1110307,1110318,3樓至5樓外牆施工架。,3樓至5樓外牆施工架開口無防墜措施。
202,金山名人大廈外牆更新工程,勤實佳營造股份有限公司,1110309,1110316,外牆施工架。,1至3層外牆施工架高差超過1.5公尺以上之工地場所，未設置使勞工安全上下之設備。
203,（107建143）臺北市立景美女中綜合大樓暨附設地下停車場新建工程,榮工工程股份有限公司,1110311,1110321,地上3樓天井施工架。,地上3樓天井施工架開口無防墜措施。
204,（106建197）森原‧愛山林南港R13新建工程,連元營造股份有限公司,1110311,1110314,全區外牆施工架。,全區外牆施工架開口未設防護。
205,（107建232）臺北市南港區經貿段15地號土地地上權案總包工程,榮工工程股份有限公司,1110311,1110314,多功能區9樓鋼梁。,多功能區9樓鋼梁開口無防護。
206,（107建243）臺北市興隆公共住宅二期A基地新建工程,新亞建設開發股份有限公司,1110313,1110315,B棟地上16樓至19樓天井施工架。,B棟地上16樓至19樓天井施工架開口無防墜措施。
207,（108建259）三豐建設長安匯新建工程,金源營造股份有限公司,1110313,110314,屋突。,僱用勞工於屋突從事營建施工管理作業，高度超過2公尺以上未設置護欄、護蓋或安全網等防護設備。
208,（108建242）全營建設福德段新建工程,隆豪營造有限公司,1110316,1110325,全區外牆施工架。,全區外牆施工架未設防護。
209,（107建180）?暘建設松露院住宅新建工程,騰森營造股份有限公司,1110317,1110407,C棟地上2樓至5樓施工架。,C棟地上2樓至5樓施工架開口無防墜措施，勞工有發生墜落災害之虞。
210,（108建243）台北市南港區重陽里向陽路新建工程,昌譽營造股份有限公司,1110318,1110322,外牆施工架。,外牆施工架開口無防護。
211,柏林大廈外牆修繕工程,永興勝營造有限公司,1110318,1110323,全區外牆施工架。,僱用勞工於全區外牆施工架從事營建施工管理等作業，高度2公尺以上開口未設置護欄、安全網等防護設備。
212,（108建099）金門建設股份有限公司新建工程,偉宏營造股份有限公司,1110322,1110329,北側5樓至14樓外牆施工架。,北側5樓至14樓外牆施工架開口無防墜措施，勞工有發生墜落災害之虞。
213,（107建089）臺北市文山區政大段二小段住宅大樓新建工程,安住營造股份有限公司,1110323,1110328,地上2樓至8樓外牆施工架。,地上2樓至8樓外牆施工架開口無防墜措施。
214,（108建165）廣宇建設萬和案新建工程,盛德營造股份有限公司,1110324,1110328,東面及北面外牆施工架。,東面及北面外牆施工架開口未防護。
215,（108建119）108建字第119新建工程,勝岳營造有限公司,1110324,1110329,外牆施工架、天井施工架。,外牆施工架、天井施工架開口無防護。
216,（107建039）虹欣建設南港區玉成段三小段住宅大樓新建工程,宏林營造廠股份有限公司,1110329,1110401,A棟天井施工架、A棟15至17樓A1樓梯。,A棟天井施工架、A棟15至17樓A1樓梯開口無防護。
217,（106建215）大陞開發建設承德案集合住宅B棟新建工程,華熊營造股份有限公司,1110401,1110407,地下1樓與1樓樓板 。,"""""""1.地下1樓與1樓樓板未設防護 。 2.地下1樓與1樓樓板高差1.5公尺以上未設安全上下設備。""""?"""
218,（108建210）臺北南港生技產業大樓（BOT）新建工程,遠揚營造工程股份有限公司,1110406,1110411,屋頂鋼梁、裙樓鋼梁。,屋頂鋼梁、裙樓鋼梁開口無防護。
219,（108建009）光復南路集合住宅新建工程,富瑄營造股份有限公司,1110410,1110414,A棟16樓以上甲乙梯。,A棟16樓以上甲乙梯高度2公尺以上未設置護欄、護蓋、安全網等防護措施。
220,（108建045）維正建設立農段新建工程,東生營造股份有限公司,1110410,1110413,1樓板。,僱用勞工於1樓板從事營建施工管理等作業，高度2公尺以上開口未設置護欄、安全網等防護設備。
221,（108建021）北投區溫泉段四小段是山新建工程,地樺營造事業股份有限公司,1110410,1110425,2樓至16樓東側陽臺、10樓至16樓西側陽臺、10樓至16樓天井施工架。,僱用勞工於2樓至16樓東側陽臺、10樓至16樓西側陽臺、10樓至16樓天井施工架從事營建施工管理等作業，高度2公尺以上開口未設置護欄、安全網等防護設備。
222,（107建023）富享建設大同區住商大樓新建工程,華熊營造股份有限公司,1110412,1110414,西區及東區3至12樓天井施工架。,西區及東區3至12樓天井施工架未設防護。
223,（107建247）台北市內湖區（東湖案）住商大樓新建工程,華熊營造股份有限公司,1110413,1110415,全區外牆施工架。,全區外牆施工架未有防護。
224,（108建162）公園大院-森活館新建工程,合聯營造股份有限公司,1110415,1110422,全區外牆施工架。,僱用勞工於全區外牆施工架從事營建施工管理等作業，高度2公尺以上開口未設置護欄、安全網等防護設備。
225,（108建169）北投奇岩集合住宅新建工程,銘倫營造股份有限公司,1110416,1110419,全區外牆施工架。,僱用勞工於全區外牆施工架從事營建施工管理等作業，高度2公尺以上開口未設置護欄、護蓋、安全網等防護設備。
226,（108建171）民凱建設民和街集合住宅新建工程,億東營造股份有限公司,1110418,1110425,A棟南側施工架、B棟南側施工架。,僱用勞工於A棟南側施工架、B棟南側施工架從事營建施工管理等作業，高度2公尺以上開口未設置護欄、護蓋、安全網等防護設備。
227,行政院主計總處「廣博大樓外牆及1樓設施整修工程」,陳勇証（即勇鑫工程行）,1110418,1110420,5樓外牆施工架。,僱用勞工於5樓外牆施工架從事拆架作業，高度超過2公尺以上未設置護欄、護蓋或安全網等防護設備。
228,（108建086）政大首席集合住宅新建工程,宏林營造廠股份有限公司,1110419,1110427,全區外牆施工架。,僱用勞工於全區外牆施工架從事營建施工管理等作業，高度2公尺以上開口未設置護欄、安全網等防護設備。
229,（109建208）豐華開發敦化段集合住宅新建工程,地樺營造事業股份有限公司,1110421,1110422,全區外牆施工架。,全區外牆施工架高度超過2公尺以上內側交叉拉桿下拉桿未回復，施工架與結構體間開口超過20公分未設置防護設施。
230,（108建249）南京S2住宅新建工程,崇偉營造工程股份有限公司,1110421,,外牆施工架。,外牆施工架未有防護。
231,懷生案接待中心工程,精銳裝潢有限公司,1110422,1110429,2樓及屋頂鋼梁、外牆施工架。,2樓及屋頂鋼梁、外牆施工架開口無防護。
232,（107建239）鴻亞興城街住宅新建工程,震昌工程股份有限公司,1110427,1110503,11至15樓北側、西側及天井外牆施工架。,11至15樓北側、西側及天井外牆施工架未設防護。
233,（108建233）世田介案集合住宅新建工程,京湛營造股份有限公司,1110427,1110510,機械停車機坑施工架及臨時吊料口及西側外牆施工架。,機械停車機坑施工架及臨時吊料口及西側外牆施工架高度超過2公尺以上開口未設防護設施。
234,（111建047）集順生僑安案新建工程,日商日本國土開發股份有限公司台灣分公司,1110429,1110520,外牆施工架。,"""""""1.外牆施工架開口無防護。 2.外牆施工架未設安全上下設備。""""?"""
235,（109建253）韋昌?清江集合宅新建工程,慶瑞營造股份有限公司,1110502,1110504,地下1樓電梯井。,僱用勞工於地下1樓電梯井從事營建施工管理等作業，高度2公尺以上開口未設置護欄、護蓋、安全網等防護設備。
236,（109建116）大同區大同段522等4筆地號新建工程,興澤營造股份有限公司,1110504,1110509,10至12樓外牆施工架及11至12樓樓梯。,10至12樓外牆施工架及11至12樓樓梯未設防護。
237,（107建079）中山國中綜合大樓新建工程,登山營造股份有限公司,1110505,1110509,B區1樓板。,"""""""1.B區1樓板高度超過2公尺以上開口未設防護設施。 2.B區地下1樓至1樓板高度超過1.5公尺以上未設置安全上下設備。""""?"""
238,（107建079）中山國中綜合大樓新建工程,邱永章建築師事務所,1110505,1110509,B區1樓板。,B區1樓板高度超過2公尺以上開口未設防護措施。
239,（109建149）臺億建築經理股份有限公司新建工程,隆豪營造有限公司,1110505,1110510,1至3樓樓梯間、3樓板及外牆施工架。,1至3樓樓梯間、3樓板及外牆施工架高度超過2公尺以上開口未設置安全防護設施。
240,（108建186）建成綜合大樓改建工程,勁強營造有限公司,1110506,1110509,9至12樓外牆施工架。,9至12樓外牆施工架未設防護。
241,（107建102）臺北市南港區東新國民小學校舍改建工程,呂紹雄（即鼎?工程行）,1110509,1110513,信義樓外牆施工架。,信義樓外牆施工架開口無防護。
242,（108建155）臺北市中正區廈門街113巷24號新建工程,駿朋營造股份有限公司,1110510,1110527,外牆施工架。,僱用勞工於外牆施工架從事營建施工管理作業，高度超過2公尺以上未設置護欄、護蓋或安全網等防護設備。
243,（109建251）松山區寶清段四小段集合住宅新建工程,地樺營造事業股份有限公司,1110517,1110524,全區外牆施工架。,全區外牆施工架高度超過2公尺以上開口部分未設置安全防護措施。
244,（108建210）臺北南港生技產業大樓（BOT）新建工程,承甲室內裝修工程有限公司,1110518,1110602,8、9、11、16、17樓。,8、9、11、16、17樓樓板開口未設防護。
245,（108建210）臺北南港生技產業大樓（BOT）新建工程,遠揚營造工程股份有限公司,1110518,1110602,8、9、11、16、17樓及屋頂鋼構。,8、9、11、16、17樓及屋頂鋼構開口無防護。
246,（108建210）臺北南港生技產業大樓（BOT）新建工程,東元電機股份有限公司,1110518,1110602,8、9、11、16、17樓。,8、9、11、16、17樓樓板開口未設防護。
247,（109雜038）忠孝麗園電梯增建工程,合興建設股份有限公司,1110519,1110811,2樓至屋頂鋼梁。,"""""""1.2樓至屋頂鋼梁開口無防護。 2.2樓至屋頂鋼梁未設安全上下設備。""""?"""
248,（108建048）璞真永吉案住宅大樓新建工程,地樺營造事業股份有限公司,1110520,1110524,A、B棟5樓以上外牆施工架。,於高差2公尺以上之A、B棟5樓以上外牆施工架邊緣及開口部分，未設置符合規定之防護設施。
249,中央研究院學術活動中心整修工程,國華營造工程有限公司,1110523,1110607,大禮堂左側逃生出口上方採光罩。,大禮堂左側逃生出口上方採光罩高度超過2公尺以上開口部分未設置安全防護措施。
250,信義區基隆路2段153號裝修工程,晶展營造股份有限公司,1110527,1110601,（全區）施工架。,於高差2公尺以上之（全區）施工架邊緣及開口部分，未設置符合規定之防護設施。
251,（110拆049）忠孝勤靜大樓拆除工程,遠揚營造工程股份有限公司,1110527,1110531,2樓及3樓。,2樓及3樓高度超過2公尺以上邊緣及開口部分未設置符合規定之護欄、護蓋、安全網等防墜設施。
252,（108建227）臺北市南港區南港機廠基地公共住宅統包工程,大陸工程股份有限公司,1110529,1110602,北棟天井施工架及外牆施工架。,北棟天井施工架及外牆施工架開口無防護。
253,（107建077）良昱建設玉泉段565號集合住宅新建工程,笙泰營造股份有限公司,1110531,1110606,6至9樓外牆施工架。,6至9樓外牆施工架未設防護。
254,（107建056）國立臺灣大學人文館新建工程,豐譽營造股份有限公司,1110605,1110609,1區2樓至4樓外牆施工架。,僱用勞工於1區2樓至4樓外牆施工架從事營建施工管理等作業，高度2公尺以上開口未設置護欄、安全網等防護設備。
255,（109建126）吉美大安森林花園大樓新建工程,泛亞工程建設股份有限公司,1110608,1110613,全區外牆施工架。,僱用勞工於全區外牆施工架從事營建施工管理等作業，高度2公尺以上開口未設置護欄、安全網等防護設備。
256,（110建032）三軍總醫院松山分院航空醫學大樓新建統包工程,世久營造探勘工程股份有限公司,1110608,1110610,"""""""1.1樓醫學大樓區及施工架。 2.1樓施工架。""""?""","""""""1.1樓醫學大樓區及施工架高度超過2公尺以上邊緣及開口部分未設置安全防護設備。 2.1樓施工架高度超過1.5公尺以上未設置安全設下設備。""""?"""
257,（110建032）三軍總醫院松山分院航空醫學大樓新建統包工程,正堯工程顧問股份有限公司,1110608,1110610,1樓醫學大樓區。,1樓醫學大樓區高度超過2公尺以上邊緣及開口部分，未設置安全上下設備。
258,（107建232）臺北市南港區經貿段15地號土地地上權案總包工程,翔聯企業股份有限公司,1110608,1110610,外牆施工架（雷爾架部分）。,外牆施工架（雷爾架部分）開口無防護。
259,（107建232）臺北市南港區經貿段15地號土地地上權案總包工程,榮工工程股份有限公司,1110608,1110616,A棟19、20樓。,A棟19、20樓鋼承板開口未設防護。
260,忠孝東路5段68號B2F櫃位（nike）裝修工程,刻鑫工程有限公司,1110609,1110613,地下2樓櫃位（nike）。,地下2樓櫃位（nike）使用2公尺以上合梯。
261,（108建112）君岳岳榕莊新建工程,宗輝營造股份有限公司,1110610,1110615,全區外牆施工架,僱用勞工於全區外牆施工架從事營建施工管理等作業，高度2公尺以上開口未設置護欄、安全網等防護設備。
262,（107建138）寶徠信義新建工程,璞承營造股份有限公司,1110611,1110614,5樓以上鋼承板作業區。,5樓以上鋼承板作業區未有防護。
263,（108建012）登峰大廈都市更新案新建工程,森城建設股份有限公司,1110614,1110617,全區外牆施工架。,外牆施工架於高差2公尺以上之工作場所邊緣及開口部分，未設置符合規定之護欄、護蓋、安全網或配掛安全帶之防墜設施。
264,（106建093）安和路集合住宅新建工程,拓福營造有限公司,1110614,1110622,外牆施工架。,外牆施工架開口無防護。
265,（108建238）一方璞真新建工程,盛德營造股份有限公司,1110615,1110617,屋突層外牆施工架。,屋突層外牆施工架高差2公尺以上之開口部分，未設置符合規定之護欄、護蓋、安全網等防護設備。
266,（108建130）臺北市殯葬管理處第二殯儀館二期整建工程,楊瑞禎聯合建築師事務所,1110618,1110624,外牆施工架、B棟屋突梁模。,外牆施工架、B棟屋突梁模開口無防護。
267,（108建130）臺北市殯葬管理處第二殯儀館二期整建工程,應州工程有限公司,1110618,1110624,外牆施工架、電梯直井施工架、挑高區施工架、B棟屋突梁模。,外牆施工架、電梯直井施工架、挑高區施工架、B棟屋突梁模開口無防護。
268,（105建172）臺北市北投區石牌市場新建工程,金源德工程有限公司,1110619,1110620,A至B棟通道、通道北側施工架。,僱用勞工於A至B棟通道、通道北側施工架從事拆架等作業，高度2公尺以上開口未設置護欄、護蓋、安全網等防護設備。
269,（108建146）榮華一鹿新建工程,宏利發建設有限公司,1110620,1110719,全區室內。,於室內高差2公尺以上之工作場所邊緣及開口部分，未設置符合規定之護欄、護蓋、安全網或配掛安全帶之防墜設施。
270,（110建021）淞瀚建設敦北文華新建工程,億東營造股份有限公司,1110621,1110622,地下室全區。,地下室全區高度超過2公尺以上開口未設置符合規定之護欄、護蓋、安全網等防墜措施。
271,（110建021）淞瀚建設敦北文華新建工程,億東營造股份有限公司,1110621,1110622,地下室全區。,地下室全區高差超過1.5公尺以上之作業場所未設置符合規定之安全上下設備。
272,（106建133、106建136）臺北市萬華區新和國民小學新建工程,東昇營造工程有限公司,1110622,1110627,斜屋頂、全區外牆施工架。,僱用勞工於斜屋頂、全區外牆施工架從事營建施工管理等作業，高度2公尺以上開口未設置護欄、護蓋、安全網等防護設備。
273,（109建088）廣宇建設閱讀中研新建工程,同興營造工程股份有限公司,1110622,1110628,12至14樓、外牆施工架、天井施工架。,12至14樓樓板、外牆施工架、天井施工架開口無防護。
274,（108建119）108建字第119新建工程,勝岳營造有限公司,1110622,1110702,外牆施工架。,外牆施工架開口無防護。
275,（108建241）名積建設懷生段新建工程,地樺營造事業股份有限公司,1110623,1110628,北側外牆施工架。,北側外牆施工架於高差2公尺以上之工作場所邊緣及開口部分，未設置符合規定之護欄、護蓋、安全網或配掛安全帶之防墜設施。
276,（109建249）睿泰建設川曜案大樓新建工程,樹盛營造股份有限公司,1110623,1110624,樓梯間。,僱用勞工於樓梯間從事營建施工管理作業，高度超過2公尺以上未設置護欄、護蓋或安全網等防護設備。
277,（107建230）奧斯卡中正段雍居仁愛集合住宅新建工程,華熊營造股份有限公司,1110624,1110628,天井區外牆施工架。,僱用勞工於天井區外牆施工架從事營建施工管理作業，高度超過2公尺以上未設置護欄、護蓋或安全網等防護設備。
278,（108建057）華誼民權大同段新建工程,震昌工程股份有限公司,1110624,1110629,14樓至屋突樓外牆及天井施工架。,14樓至屋突樓外牆及天井施工架開口未設防護。
279,（109建010）信松廣場新建工程,金藏營造工程股份有限公司,1110624,1110627,5樓板。,於高差2公尺以上之5樓板營建施工管理工作場所邊緣及開口部分，未設置符合規定之護欄、護蓋、安全網或配掛安全帶之防墜設施。
280,（108建223）松江路大樓新建工程,三井工程股份有限公司,1110625,1110701,全區外牆施工架。,於高差2公尺以上之工作場所邊緣及開口部分，未設置符合規定之護欄、護蓋、安全網或配掛安全帶之防墜設施。
281,（107建002）岳泰建設萬華區福星段集合住宅新建工程,鵬霖營造股份有限公司,1110627,1110630,進排氣管道口。,僱用勞工於進排氣管道口從事營建施工管理等作業，高度2公尺以上開口未設置護欄、護蓋、安全網等防護設備。
282,北投士林科技園區區段徵收公共工程（第2期-西基地）,大成工程股份有限公司,1110629,1110701,X17道路。,於高差2公尺以上之工作場所邊緣及開口部分（X17道路），未設置符合規定之護欄、護蓋、安全網或配掛安全帶之防墜設施。
283,（108建162）公園大院-森活館新建工程,合聯營造股份有限公司,1110630,1110705,全區外牆施工架、3樓至12樓北側陽臺。,僱用勞工於全區外牆施工架、3樓至12樓北側陽臺從事營建施工管理等作業，高度2公尺以上開口未設置護欄、安全網等防護設備。
284,（105建133）105建133新建工程,利榮營造有限公司,1110702,1110706,外牆施工架、汽車昇降直井施工架。,外牆施工架、汽車昇降直井施工架開口無防護。
285,（108建047）台北市內湖區舊宗公共住宅新建工程,文昌營造工程有限公司,1110702,1110706,外牆施工架,外牆施工架於高差2公尺以上之工作場所邊緣及開口部分，未設置符合規定之護欄、護蓋、安全網或配掛安全帶之防墜設施。
286,（107建039）虹欣建設南港區玉成段三小段住宅大樓新建工程,宏林營造廠股份有限公司,1110703,1110715,A棟及B棟天井施工架、B棟20樓外牆施工架、A棟屋頂。,A棟及B棟天井施工架、B棟20樓外牆施工架、A棟屋頂開口無防護。
287,（107建108）達永秋鄉集合住宅新建工程,建坤營造事業股份有限公司,1110704,1110723,B棟天井施工架。,B棟天井施工架開口無防護。
288,（107建108）達永秋鄉集合住宅新建工程,建坤營造事業股份有限公司,1110704,1110723,B棟天井施工架。,B棟天井施工架未設安全上下設備。
289,（108建169）北投奇岩集合住宅新建工程,銘倫營造股份有限公司,1110706,1110708,8樓至屋突3樓外牆施工架。,8樓至屋突3樓外牆施工架未設防護。
290,（109建093）拙石建設股份有限公司新建工程,隆豪營造有限公司,1110707,1110711,1樓電梯井、1樓至B1樓梯、1樓機械停車位機坑。,1樓電梯井、1樓至B1樓梯、1樓機械停車位機坑於高差2公尺以上之工作場所邊緣及開口部分，未設置符合規定之護欄、護蓋、安全網或配掛安全帶之防墜設施。
291,（109建123）臺北市敦化國小校舍拆除改建工程主體工程,偉大建設股份有限公司,1110709,1110711,B區5樓至屋突。,B區5樓至屋突高度超過2公尺以上開口，未設置安全防護設施。
292,（109建123）臺北市敦化國小校舍拆除改建工程主體工程,莊輝和（即萬邦建築師事務所）,1110709,1110711,B區西向5樓至屋突。,B區西向5樓至屋突高度超過2公尺以上開口未設置安全防護設施。
293,（109建221）樂揚建設股份有限公司新建工程,順緯營造股份有限公司,1110711,1110713,全區外牆施工架。,於高差2公尺以上之工作場所邊緣及開口部分，未設置符合規定之護欄、護蓋、安全網或配掛安全帶之防墜設施。
294,（108建191）億揚建設北投承德路七段都更住宅大樓新建工程,華熊營造股份有限公司,1110711,1110712,12樓樓板、10至12樓管道間。,僱用勞工於12樓樓板、10至12樓管道間從事營建施工管理等作業，高度2公尺以上開口部分未設置護欄、護蓋、安全網等防護設備。
295,信義路4段458號3樓室內裝修工程,柏寬室內裝修工程有限公司,1110712,1110720,信義路4段458號3樓室內。,信義路4段458號3樓室內發生勞工感電職業災害。
296,（109建003）東其建設永吉段住宅新建工程,富麗營造股份有限公司,1110713,1110718,地下2樓至1樓。,地下2樓至1樓高差2公尺以上開口部分未設置安全防護設施。
297,（107建249）昌鑫建設開發有限公司新建工程,安住營造股份有限公司,1110715,1110719,全區外牆施工架。,全區外牆施工架高度2公尺以上開口部分未設置防墜設備。
298,臺北都會區大眾捷運系統萬大-中和-樹林線（第一期工程）CQ840區段標工程,大陸工程股份有限公司,1110715,1110721,BS01區施工架、LG01川堂層施工架,本工地敬請立即停工改善，並收執停工通知書乙份（停工時間、範圍及事實詳停工通知書）。
299,臺北都會區大眾捷運系統萬大─中和─樹林線（第一期工程）CQ850A區段標工程,大陸工程股份有限公司,1110715,1110719,"""""""東園國小共構第2區： （1）B樓梯北、東、西側與多媒體北側之外牆施工架、 （2）3樓板南側與梁版之開口處。""""?""",高差2公尺以上之工作場所邊緣及開口部分，應設置符合規定之護欄、護蓋、安全網或配掛安全帶之防墜設施。
300,（109建071）日健建設士林福順段集合住宅新建工程,順揮營造股份有限公司,1110716,1110720,2樓至13樓陽臺、露梁外及2樓至13樓外牆、天井施工架。,僱用勞工於2樓至13樓陽臺、露梁及2樓至13樓外牆、天井施工架從事營建施工管理等作業，高度2公尺以上開口未設置護欄、安全網等防護設備。
301,（107建193）士林區陽明段集合住宅新建工程,上承營造股份有限公司,1110718,1110722,A棟12樓至15樓露梁、A棟17樓至頂樓樓梯。,僱用勞工於A棟12樓至15樓露梁、A棟17樓至頂樓樓梯從事營建施工管理等作業，高度2公尺以上開口未設置護欄、安全網等防護設備。
302,（102建316）御上天母住宅新建工程,日商日本國土開發股份有限公司台灣分公司,1110718,1110721,全區外牆施工架。,全區外牆施工架高度2公尺以上開口部分未設置防墜設備。
303,（109建251）松山區寶清段四小段集合住宅新建工程,地樺營造事業股份有限公司,1110719,1110725,2樓至5樓陽臺、外牆施工架。,僱用勞工於2樓至5樓陽臺、外牆施工架從事營建施工管理等作業，高度2公尺以上開口未設置護欄、安全網等防護設備。
304,（109建138）台大新碩新建工程,遠碩營造股份有限公司,1110719,1110722,外牆施工架、7樓及9樓陽臺。,外牆施工架、7樓及9樓陽臺開口無防護。
305,（105建047）龍江路旅館新建工程,祝旺開發股份有限公司,1110719,1110725,全區外牆施工架。,僱用勞工於全區外牆施工架從事營建施工管理等作業，高度2公尺以上開口部分未設置護欄、護蓋、安全網等防護設備。
306,（109建241）羅丹集合住宅新建工程,新城營造股份有限公司,1110720,1110726,全區外牆施工架。,於高差2公尺以上之工作場所邊緣及開口部分，未設置符合規定之護欄、護蓋、安全網或配掛安全帶之防墜設施。
307,（108建035）龍江路新建工程,信升昌營造股份有限公司,1110721,1110727,8樓樓板、管道間。,僱用勞工於8樓樓板、管道間從事營建施工管理等作業，高度2公尺以上開口部分未設置護欄、護蓋、安全網等防護設備。
308,（111拆066）台北市文山區實踐段一小段0309-0000號拆除工程,震上工程有限公司,1110721,1110810,全區施工架。,全區施工架未與構造物妥實連結。
309,（109建058）陽明大苑新建工程,華熊營造股份有限公司,1110722,1110729,3樓至10樓外牆、天井施工架及3樓至10樓露梁。,僱用勞工於3樓至10樓外牆、天井施工架及3樓至10樓露梁從事營建施工管理等作業，高度2公尺以上開口未設置護欄、安全網等防護設備。
310,臺北都會區大眾捷運系統萬大─中和─樹林線（第一期工程）CQ850A區段標工程,大陸工程股份有限公司,1110722,1110725,東園國小共構第4區3樓游泳池底板。,高差2公尺以上之工作場所邊緣及開口部分，應設置符合規定之護欄、護蓋、安全網或配掛安全帶之防墜設施。
311,（109建125）中國開發西湖四小段辦公大樓新建工程,勝堡村營造工程股份有限公司,1110723,1110801,外牆施工架。,外牆施工架高度2公尺以上開口部分未設置護欄、護蓋、安全網等防墜設施。
312,（108建003）義祥建設開發商辦大樓新建工程,樹盛營造股份有限公司,1110723,1110726,外牆施工架。,外牆施工架高度2公尺以上開口部分未設置護欄、護蓋、安全網等防墜設施。
313,（108建141）昇陽建設企業股份有限公司聚昇陽案新建工程,新東陽營造股份有限公司,1110725,1110729,8至15樓外牆施工架。,於高差2公尺以上之工作場所邊緣及開口部分，未設置符合規定之護欄、護蓋、安全網或配掛安全帶之防墜設施。
314,懷生案接待中心工程,精銳裝潢有限公司,1110727,1110801,外牆施工架。,外牆施工架開口無防護。
315,（109建171）台北市中正區南海一號苑住宅新建工程,合興建設股份有限公司,1110729,1110801,地下3層安全支撐。,於高差2公尺以上之工作場所邊緣及開口部分，未設置符合規定之護欄、護蓋、安全網或配掛安全帶之防墜設施。
316,（109建298）臺北市萬華區華江段出租住宅新建統包工程,久佳營造工程股份有限公司,1110801,1110808,全區外牆施工架。,於高差2公尺以上之工作場所邊緣及開口部分，未設置符合規定之護欄、護蓋、安全網或配掛安全帶之防墜設施。
317,111年度圓山公園管理所所轄公園整建工程－松山區、大同區土木設施維護預約工程,佳緯營造有限公司,1110801,1110810,涼亭旁施工架、涼亭屋頂,於高差2公尺以上之工作場所邊緣及開口部分，未設置符合規定之護欄、護蓋、安全網或配掛安全帶之防墜設施。
318,（110建307）致遠新村職務宿舍及檔案大樓新建工程,世久營造探勘工程股份有限公司,1110801,1111021,全區（工務所除外）。,發生勞工物體倒塌死亡職業災害。
319,（110建149）HONDA士林旗艦店新建工程,新憶營造有限公司,1110802,1110805,2樓樓板。,僱用勞工於2樓樓板從事營建施工管理等作業，高度2公尺以上開口未設置護欄、護蓋、安全網等防護設備。
320,雷根大廈外牆整修工程,永興勝營造有限公司,1110803,1110810,全區外牆施工架。,僱用勞工於全區外牆施工架從事營建施工管理等作業，高度2公尺以上開口未設置護欄、安全網等防護設備。
321,（107建013）士林區三玉段三小段住宅新建工程,金益營造工程有限公司,1110803,1110811,全區外牆施工架（含屋突層）。,全區外牆施工架（含屋突層）高度2公尺以上開口部分未設置防墜設備。
322,（109建091）元大商業銀行總行大樓新建工程,中鹿營造股份有限公司,1110809,1110819,地下3樓A區南側開挖面。,地下3樓A區南側開挖面未設擋土支撐。
323,（111建048）兆亨加油站新建工程,漢霖營造股份有限公司,1110810,1110819,全區外牆施工架（含屋突層）。,全區外牆施工架（含屋突層）高度2公尺以上開口部分未設置防墜設備。
324,（107建206）信義藏豐集合住宅新建工程,金富譽國際營造股份有限公司,1110810,1110812,全區1樓（工務所除外）。,全區1樓（工務所除外）高度超過2公尺以上工作場所開口未設置防護。
325,（107建206）信義藏豐集合住宅新建工程,金富譽國際營造股份有限公司,1110810,1110812,全區1樓（工務所除外）。,全區1樓（工務所除外）高度超過1.5公尺以上作業場所未設置符合規定之安全上下設備。
326,城市舞台暨藝文大樓及廣場周邊環境整修統包工程,應州工程有限公司,1110812,1110818,1樓戶外廣場（老樹區）。,1樓戶外廣場（老樹區）高度2公尺以上開口部分未設置防墜設備。
327,（108建161）家賀御織間大樓新建工程,連元營造股份有限公司,1110813,1110816,1樓樓梯間及挑空區施工架未設置符合規定之護欄、護蓋、安全網或配掛安全帶之防墜設施。,於高差2公尺以上之工作場所邊緣及開口部分，未設置符合規定之護欄、護蓋、安全網或配掛安全帶之防墜設施。
328,（109建151）新美齊心居新建工程,信創營造股份有限公司,1110813,1110818,外牆及1樓挑空區施工架。,外牆及1樓挑空區施工架開口部分，未設置符合規定之護欄、護蓋、安全網或配掛安全帶之防墜設施。
329,（108建075）碩河信義A7商業大樓新建工程,大陸工程股份有限公司,1110813,1110915,全區（工務所除外）。,發生勞工被刺死亡職業害。
330,（108建247）民凱建設大同街新建工程,億東營造股份有限公司,1110815,1110817,5樓電梯井及管道間。,5樓電梯井及管道間未設防護。
331,（109建109）德璞永樂集合住宅新建工程,國耀營造股份有限公司,1110815,1110816,2樓板四周、樓梯。,於高差2公尺以上之2樓板四周、樓梯工作場所邊緣及開口部分，未設置符合規定之護欄、護蓋、安全網或配掛安全帶之防墜設施。
332,北投市場整修統包工程（含中繼市場）,見安營造股份有限公司,1110816,1110823,B棟獸肉區外牆施工架。,B棟獸肉區外牆施工架未設防護。
333,（110建016）躍大直大樓新建工程,聖陸營造工程股份有限公司,1110816,1110818,連續壁鋼筋籠電焊機（共11部）。,於良導體上、良導體機器設備內之狹小空間及濕潤場所作業，所使用之交流電焊機，自動電擊防止裝置無法作動。
334,台北P055新建工程,久仲泰營造有限公司,1110816,1110823,全區電梯井（客梯及貨梯）,於高差2公尺以上之工作場所邊緣及開口部分，未設置符合規定之護欄、護蓋、安全網或配掛安全帶之防墜設施。
335,新潤軟橋段接待中心工程,鄭耀輝（即鼎曜工程行）,1110817,1110819,全區烤漆板屋頂。,全區烤漆板屋頂未設防護。
336,新潤軟橋段接待中心工程,鄭耀輝（即鼎曜工程行）,1110817,1110819,全區烤漆板屋頂至地面。,全區烤漆板屋頂至地面高差超過1.5公尺以上，未設置安全上下設備。
337,（109建251）松山區寶清段四小段集合住宅新建工程,地樺營造事業股份有限公司,1110817,1110821,全區外牆施工架。,僱用勞工於全區外牆施工架從事營建施工管理等作業，高度2公尺以上開口未設置護欄、安全網等防護設備。
338,（107建085）臺北市萬華區青年公共住宅二期統包工程,唐葳科技股份有限公司,1110820,1110826,A棟全區外牆施工架。,於高差2公尺以上之工作場所邊緣及開口部分，未設置符合規定之護欄、護蓋、安全網或配掛安全帶之防墜設施。
339,（108建256）展宜浦城（二）新建工程,台成營造有限公司,1110821,1110829,外牆施工架。,外牆施工架開口無防護。
340,羅斯福路5段218巷6弄14號屋頂修繕工程,楊天賜,1110822,,4樓頂樓及附屬建物加蓋。,發生勞工墜落死亡職業災害。
341,（109建191）科技大樓站停車場新建工程,登山營造股份有限公司,1110823,1110829,第4層安全支撐。,第4層安全支撐開口無防護。
342,（109建191）科技大樓站停車場新建工程,登山營造股份有限公司,1110823,1110829,地梁。,地梁未設安全上下設備。
343,（107建193）士林區陽明段集合住宅新建工程,上承營造股份有限公司,1110824,1110901,16F、17F、R1F電梯開口。,16F、17F、R1F電梯開口未設置防墜設備。
344,（108建110）朋記建設溫泉段集合住宅新建大樓工程,益昌營造股份有限公司,1110831,1110902,地下2樓樓板至筏基層。,地下2樓樓板至筏基層高差超過1.5公尺以上之工地場所，未設置使勞工安全上下之設備。
345,（108建127）台北市南港區玉成段辦公大樓新建工程,日商華大成營造工程股份有限公司台灣分公司,1110903,1110912,外牆及1樓樓梯間施工架。,外牆及1樓樓梯間施工架未有防護。
346,（108建173）詔安建設中山松悅新建工程,山發營造股份有限公司,1110905,1110919,地下5樓、2樓管委會室。,於高差2公尺以上之工作場所邊緣及開口部分，未設置符合規定之護欄、護蓋、安全網或配掛安全帶之防墜設施。
347,臺北市歷史建築紹興北街31巷53號（糧食局倉庫）修復及再利用工程,忠煌營造有限公司,1110906,1110921,南棟外牆施工架。,高差2公尺以上之工作場所邊緣及開口部分，未設置符合規定之護欄、護蓋、安全網或配掛安全帶之防墜設施。
348,（110建102）太平洋敦南麗舍新建工程,太平洋建設股份有限公司,1110907,1110913,第4層安全支撐、地梁。,"""""""第4層安全支撐開口未設防護。 地梁未設安全上下設備。""""?"""
349,（108建145）忠泰商場新建工程,華熊營造股份有限公司,1110907,1110914,6樓溜冰場東北角圓弧段挑空區。,6樓溜冰場東北角圓弧段挑空區開口無防護。
350,（107建079）中山國中綜合大樓新建工程,登山營造股份有限公司,1110908,1110912,乙梯頂板。,僱用勞工於乙梯頂板從事營建施工管理等作業，高度2公尺以上開口未設置護欄、安全網等防護設備。
351,（109建006）佳元建設臨沂段集合住宅新建工程,欣建營造股份有限公司,1110913,1110916,全區外牆施工架。,於高差2公尺以上之工作場所邊緣及開口部分，未設置符合規定之護欄、護蓋、安全網或配掛安全帶之防墜設施。
352,（108建035）龍江路新建工程,信升昌營造股份有限公司,1110914,1110919,9樓板露臺、屋突1樓露臺及屋突2樓。,僱用勞工於9樓板露臺、屋突1樓露臺及屋突2樓從事營建施工管理等作業，高度2公尺以上開口部分未設置護欄、護蓋、安全網等防護設備。
353,（110建127）昇宏昌天母案住宅新建工程,震昌工程股份有限公司,1110915,1110920,全區外牆施工架。,全區外牆施工架高度2公尺以上開口部分未設置防墜設備。
354,（108建083）璞園天玉住宅新建工程,璞承營造股份有限公司,1110918,1110920,全區外牆施工架。,全區外牆施工架高度2公尺以上開口部分未設置防墜設備。
355,（108建196）忠孝98辦公大樓新建工程,禾峰營造股份有限公司,1110918,1111012,外牆施工架。,外牆施工架開口無防護。
356,（110建233）聯鉅大同區大龍段住宅新建工程,永昇營造有限公司,1110919,1110921,1樓至地下1樓板通道、西側壓梁施工架、西側壓梁施工架。,"""""""僱用勞工於1樓至地下1樓板通道、西側壓梁施工架從事營建施工管理等作業，高度2公尺以上開口未設置護欄、護蓋、安全網等防護設備。 西側壓梁施工架高差超過1.5公尺以上之工地場所，未設置使勞工安全上下之設備。""""?"""
357,直轄市市定古蹟福州街11號日式宿舍修復工程,文華營造有限公司,1110919,1110922,2樓底板與施工架,高差2公尺以上之工作場所邊緣及開口部分，未設置符合規定之護欄、護蓋、安全網或配掛安全帶之防墜設施。
358,（108建031）臺北市興隆公共住宅二期E基地新建工程,新亞建設開發股份有限公司,1110924,1110928,北側及南側之18樓至19樓外牆施工架。,北側及南側之18樓至19樓外牆施工架於高差2公尺以上開口部分未防護。
359,（109建271）立樺建設石牌住宅新建工程,地樺營造事業股份有限公司,1110925,1110927,A、B棟2樓板。,僱用勞工於A、B棟2樓板從事營建施工管理等作業，高度2公尺以上開口未設置護欄、護蓋、安全網等防護設備。
360,（108建216）松德長虹集合住宅新建工程,宏林營造廠股份有限公司,1110926,1110928,2、3樓及外牆施工架。,2、3樓及外牆施工架高度超過2公尺以上開口未設防護設施。
361,（109建171）台北市中正區南海一號苑住宅新建工程,合興建設股份有限公司,1110928,1111003,第2層支撐（含圍令）。,僱用勞工於第2層支撐（含圍令）從事營建施工管理作業，高度超過2公尺以上未設置護欄、護蓋或安全網等防護設備。
362,（110建015）富邦建經新生南路三段集合住宅大樓新建工程,昶明營造股份有限公司,1110928,1110930,地下3樓。,地下3樓高度超過2公尺以上開口部分未設置安全防護設施。
363,康定路287巷21號屋頂修繕工程,何秋龍,1110929,1110930,5樓屋頂。,5樓屋頂未設防墜設施。
364,（108建243）台北市南港區重陽里向陽路新建工程,昌譽營造股份有限公司,1111004,1111006,外牆施工架及各樓層管道間開口。,外牆施工架及各樓層管道間開口未有防護。
365,（109建263）仁愛臨沂新建工程,首鋼營造股份有限公司,1111004,1111011,全區外牆施工架、2樓至5樓北側露梁。,僱用勞工於全區外牆施工架、2樓至5樓北側露梁從事營建施工管理等作業，高度2公尺以上開口未設置護欄、安全網等防護設備。
366,（105建172）臺北市北投區石牌市場新建工程,助群營造股份有限公司,1111008,1111013,C棟7至9樓外牆施工架。,C棟7至9樓外牆施工架未設防護。
367,（108建050）內湖321K01停車場新建工程,登山營造股份有限公司,1111008,1111012,外牆施工架。,外牆施工架未有防護。
368,文山萃案樣品屋工程,原廣工程有限公司,1111011,1111014,全區施工架。,全區施工架於高差2公尺以上開口部分未防護。
369,（109建113）欣暘建設豐河畔集合住宅新建工程,益昌營造股份有限公司,1111012,1111013,2樓板。,僱用勞工於2樓板從事營建施工管理作業，高度超過2公尺以上未設置護欄、護蓋或安全網等防護設備。
370,（109建026）新建工程,合昱營造股份有限公司,1111013,1111018,全區外牆施工架。,全區外牆施工架於高差2公尺以上開口部分未防護。
371,（108建109）民生鉑月新建工程,騰森營造股份有限公司,1111019,1111025,全區外牆施工架。,僱用勞工於全區外牆施工架從事營建施工管理等作業，高度2公尺以上開口未設置護欄、安全網等防護設備。
372,（107建108）達永秋鄉集合住宅新建工程,建坤營造事業股份有限公司,1111019,1111021,全區外牆施工架。,全區外牆施工架於高差2公尺以上開口部分未防護。
373,（107建002）岳泰建設萬華區福星段集合住宅新建工程,鵬霖營造股份有限公司,1111021,1111027,全區外牆施工架。,全區外牆施工架於高差2公尺以上開口部分未防護。
374,（110建149）HONDA士林旗艦店新建工程,新憶營造有限公司,1111021,1111025,全區外牆施工架。,全區外牆施工架未設防護。
375,（107建151）璞園至仁愛住宅大樓新建工程,璞昌營造股份有限公司,1111021,1111027,工地東側16樓~21樓施工架。,工地東側16樓~21樓施工架於高差2公尺以上開口部分未防護。
376,（111拆092）,麗高營造股份有限公司,1111021,1111026,全區施工架（組立）。,全區施工架於高差2公尺以上開口部分未防護。
377,貴陽大樓新建工程,應州工程有限公司,1111021,1111024,丙樓梯及甲樓梯開口處。,於高差2公尺以上之工作場所邊緣及開口部分，未設置符合規定之護欄、護蓋、安全網或配掛安全帶之防墜設施。
378,（109建146）台北市中正區河堤段六小段218、218-1地號新建工程,勝岳營造有限公司,1111022,1111107,地上7樓及屋突層外牆施工架。,地上7樓及屋突層外牆施工架未設置防墜設備。
379,（108建155）臺北市中正區廈門街113巷24號新建工程,駿朋營造股份有限公司,1111022,1111031,地上6~7樓（西南側）及屋突層外牆施工架。,地上6~7樓（西南側）及屋突層外牆施工架未設置防墜設備。
380,（108建130）臺北市殯葬管理處第二殯儀館二期整建工程,應州工程有限公司,1111025,1111031,北側外牆施工架。,北側外牆施工架於高差2公尺以上開口部分未防護。
381,（109建235）四方開發溫州院集合住宅新建工程,華熊營造股份有限公司,1111026,1111031,B棟3樓梁模。,B棟3樓梁模開口無防護。
382,（108雜037）（105建103）南榮世界明珠開發案新建工程,中鹿營造股份有限公司,1111029,1111031,C棟3樓至16樓全區。,於高差2公尺以上之工作場所邊緣及開口部分，未設置符合規定之護欄、護蓋、安全網或配掛安全帶之防墜設施。
383,（109建058）陽明大苑新建工程,華熊營造股份有限公司,1111103,1111107,全區外牆施工架。,僱用勞工於全區外牆施工架從事營建施工管理等作業，高度2公尺以上開口未設置護欄、護蓋、安全網等防護設備。
384,（110建022）吳美榮等3名瑞安街集合住宅新建工程,建坤營造事業股份有限公司,1111103,1111107,2樓。,2樓板及樓梯開口無防護。
385,（110建015）富邦建經新生南路三段集合住宅大樓新建工程,昶明營造股份有限公司,1111104,1111108,地下2樓及第2層安全支撐、地下2樓。,"""""""地下2樓樓梯及車道、第2層安全支撐開口無防護。 構臺通往地下2樓未設安全上下設備。""""?"""
386,中山北路1段53巷12號7樓裝修工程,龔翔寧,1111107,1111119,7樓露臺。,7樓露臺2公尺以上開口部分未設置防墜設施
387,（109建060）祿鼎集合住宅新建工程,昱嘉營造有限公司,1111108,1111111,4至10樓及屋突外牆施工架。,4至10樓及屋突外牆施工架高差2公尺以上之工作場所邊緣及開口部分，未設置防墜設施。
388,（108建050）內湖321K01停車場新建工程,登山營造股份有限公司,1111108,1111114,外牆施工架。,外牆施工架未有防護。
389,（108建162）公園大院-森活館新建工程,合聯營造股份有限公司,1111109,1111115,地下2樓至地下3樓汽車機坑。,地下2樓至地下3樓汽車機坑高差超過1.5公尺以上之工地場所，未設置使勞工安全上下之設備。
390,（108建140）中華工程股份有限公司新建工程,中華工程股份有限公司,1111112,1111116,1樓板全區。,於高差2公尺以上之工作場所邊緣及開口部分，未設置符合規定之護欄、護蓋、安全網或配掛安全帶之防墜設施。
391,（108建012）登峰大廈都市更新案新建工程,森城建設股份有限公司,1111112,1111116,外牆施工架、1樓至地下5樓、地梁。,外牆施工架、1樓至地下5樓取土口、地梁開口無防護、地梁未設安全上下設備。
392,（109建125）中國開發西湖四小段辦公大樓新建工程,勝堡村營造工程股份有限公司,1111113,1111122,外牆及2樓樓梯間施工架。,外牆及2樓樓梯間施工架未有防護。
393,（108建003）義祥建設開發商辦大樓新建工程,樹盛營造股份有限公司,1111113,1111115,外牆施工架。,外牆施工架未有防護。
394,（109建102）恆悅建設中山藝極新建工程,樹盛營造股份有限公司,1111114,1111118,8樓以上2、3號梯及10樓以上外牆施工架。,8樓以上2、3號梯及10樓以上外牆施工架高度超過2公尺以上開口部分未設置安全防墜設施。
395,（108建051）臺北市信義區六張犁營區A街廓基地公共住宅統包工程,新亞建設開發股份有限公司,1111114,1111121,全區天井施工架。,於高差2公尺以上之工作場所邊緣及開口部分，未設置符合規定之護欄、護蓋、安全網或配掛安全帶之防墜設施。
396,信義區基隆路2段170號裝修工程,晶展營造股份有限公司,1111117,1111124,全區外牆施工架。,於高差2公尺以上之工作場所邊緣及開口部分，未設置符合規定之護欄、護蓋、安全網或配掛安全帶之防墜設施。
397,台北P055新建工程,久仲泰營造有限公司,1111117,1111122,5、6層樓外牆施工架。,於高差2公尺以上之工作場所邊緣及開口部分，未設置符合規定之護欄、護蓋、安全網或配掛安全帶之防墜設施。
398,（108建155）台北市中正區廈門街113巷24號新建工程,駿朋營造股份有限公司,1111117,1111202,1樓到7樓天井施工架。,僱用勞工於1樓到7樓天井施工架從事營建施工管理等作業，高度2公尺以上開口未設置護欄、護蓋、安全網等防護設備。
399,（107建193）士林區陽明段集合住宅新建工程,上承營造股份有限公司,1111117,1111223,地上樓層。,發生勞工墜落死亡職業災害。
400,（109建112）首泰城人之美新建工程,新安營造有限公司,1111119,1111122,車道施工架及1樓至地下4樓樓梯。,車道施工架及1樓至地下4樓樓梯高度2公尺以上開口部分未設置防護設備
401,（108建222）御府建設興順二期新建工程,元洲營造工程股份有限公司,1111121,1111205,外牆施工架。,僱用勞工於外牆施工架從事營建施工管理作業，高度超過2公尺以上未設置護欄、護蓋或安全網等防護設備。
402,（108建009）光復南路集合住宅新建工程,富瑄營造股份有限公司,1111121,1120106,地下樓層全區。,發生勞工死亡職業災害。
403,（109建259）樸真榮華案住宅大樓新建工程,辰豐營造股份有限公司,1111122,1111123,9樓電梯井及7至9樓樓梯。,9樓電梯井及7至9樓樓梯開口未設防護。
404,通化街19巷28號屋頂（4樓頂棚架）修繕工程,吳明輝,1111122,,4樓頂棚架。,於鐵皮板易踏穿材料構築之屋頂從事作業時，未於屋架上設置防止踏穿及寬度30公分以上之踏板、裝設安全網或配掛安全帶。
405,市定古蹟南海學園科學館優化及修復工程,泰南營造有限公司,1111126,1111201,二樓至三樓挑高區施工架,高差2公尺以上之工作場所邊緣及開口部分，應設置符合規定之護欄、護蓋、安全網或配掛安全帶之防墜設施。
406,（108建122）鼎吉開發舞青住宅新建工程,旺邦營造股份有限公司,1111127,1111201,全區地下室。,第1層安全支撐及地梁開口未設防護、構臺通往地下室及全區地梁未設安全上下設備。
407,111年度第1號教學、辦公及職員宿舍區土木建築類預約式單價修繕工程,國華營造工程有限公司,1111129,1111227,行政大樓中庭區施工架。,"""""""僱用勞工於行政大樓中庭區施工架從事營建施工管理作業，高度超過2公尺以上未設置護欄、護蓋或安全網等防護設備。 雇用勞工於行政大樓中庭區施工架從事營建管理作業高差超過1.5公尺以上未設置安全上下設備。""""?"""
408,雷根大廈外牆整修工程,永興勝營造有限公司,1111130,1111206,全區外牆施工架。,僱用勞工於全區外牆施工架從事營建施工管理等作業，高度2公尺以上開口未設置護欄、安全網等防護設備。
409,（109建032）瑞安信義大樓新建工程,家甫營造股份有限公司,1111203,1111209,2樓。,2樓板及2樓樓梯開口無防護。
410,（108建178）璞園璞風晴新建工程,翊豐營造股份有限公司,1111203,1111208,12至14樓外牆施工架。,12至14樓外牆施工架未設防護。
411,（109建220）德悅建設陽明段集合住宅新建工程,春越營造股份有限公司,1111205,1111214,汽車升降機坑。,汽車升降機坑高度2公尺以上開口部分未設置防墜設備。
412,臺北市市定古蹟學海書院（今高氏宗祠）第一期修復工程,潤昶有限公司,1111205,1111215,門廳及正廳之施工架。,高差2公尺以上之工作場所邊緣及開口部分，應設置符合規定之護欄、護蓋、安全網或配掛安全帶之防墜設施。
413,（108建249）南京S2住宅新建工程,崇偉營造工程股份有限公司,1111205,1120110,地下1樓全區。,發生勞工死亡職業災害。
414,宗營環保工程有限公司,宗營環保工程有限公司,1111206,,臺北市內湖區安康路46號對面（無門牌號），宗營環保工程有限公司所屬外場篩選區（包含篩選機E001及全部輸送帶）。,111年12月3日15時41分勞工於外場篩選區作業，至篩選機下方掃除雜物時，發生遭輸送帶上方金屬廢棄物勾到衣服，導致左手臂遭輸送帶皮帶輪捲入截肢之重傷職業災害，送醫治療住院1日以上。
415,（110建011）永筑埕光集合住宅新建工程,益昌營造股份有限公司,1111206,1111209,地下全區。,地下全區高度超過2公尺以上工作場所邊緣及開口部分，未設置符合規定之護欄、護蓋、安全網或配掛安全帶之防墜設施。高差超過1.5公尺以上之場所作業，未設置符合規定之安全上下設備。
416,（110建041）德謙驛集合住宅新建工程,大億營造有限公司,1111206,1111207,1樓樓板。,於高差2公尺以上之工作場所邊緣及開口部分，未設置符合規定之護欄、護蓋、安全網或配掛安全帶之防墜設施。
417,市定古蹟南港臺電倉庫修繕工程,松肯營造工程有限公司,1111206,1111209,C庫施工架（內外牆）、廁所施工架。,於高差2公尺以上之工作場所邊緣及開口部分，未設置符合規定之護欄、護蓋、安全網或配掛安全帶之防墜設施。高差超過1.5公尺以上之場所作業，未設置符合規定之安全上下設備。
418,（109建183）寶和稙秀新建工程,瑞恆營造股份有限公司,1111207,1111219,全區外牆施工架（含屋突）。,僱用勞工於全區外牆施工架（含屋突）從事營建施工管理等作業，高度2公尺以上開口未設置護欄、護蓋、安全網等防護設備。
419,（110建025）綠水湛新建工程,弘原營造有限公司,1111208,1111209,一樓樓板。,一樓樓板高度2公尺以上開口部分未設置防墜設備。
420,民生東路2段21號至31號拆除工程,賢泰營造有限公司,1111215,1111221,外牆施工架。,外牆施工架高差2公尺以上之開口部分，未設置符合規定之護欄、護蓋、安全網等防墜設施。
421,（108建241）名積建設懷生段新建工程,地樺營造事業股份有限公司,1111217,1111122,外牆施工架。,外牆施工架開口無防護。
422,（108建065）圓山帝寶新建工程,祝旺開發股份有限公司,1111219,1111222,1樓與地下室鋪面。,1樓板開口無防護，1樓板與地下室鋪面未設安全上下設備。
423,（109建138）台大新碩新建工程,遠碩營造股份有限公司,1111221,1111223,外牆施工架。,外牆施工架開口無防護。
424,（109建021）恆合龍泉段109-0022號集合住宅新建工程,恆合營造有限公司,1111221,1111223,2樓梁模。,2樓梁模開口無防護。
425,（111建268）鼎越京華廣場新建工程,華熊營造股份有限公司,1111223,1111227,東北側天井牆施工架。,僱用勞工於東北側天井牆施工架從事營建施工管理等作業，高度2公尺以上開口未設置護欄、安全網等防護設備。
426,（109建191）科技大樓站停車場新建工程,登山營造股份有限公司,1111224,1111226,地下2樓梁模。,地下2樓梁模開口無防護。
427,（108建130）臺北市殯葬管理處第二殯儀館二期整建工程,應州工程有限公司,1111224,1120104,聯絡空橋鋼梁、外牆施工架及電梯直井施工架。,聯絡空橋鋼梁、外牆施工架及電梯直井施工架開口無防護。
428,（108建148）臺北市內湖區新湖國民小學活動中心新建工程,富弘營造股份有限公司,1111224,1111231,外牆施工架及樓梯。,外牆施工架及樓梯未有防護。
429,（108建046）臺北市中山區培英公共住宅新建工程,毅成建設股份有限公司,1111226,1111227,1樓板。,1樓板高差2公尺以上之工作場所邊緣及開口部分，未設置護欄、護蓋或安全網等防墜設施。
430,（109建256）耀達金矽谷25期新建工程,瑞助營造股份有限公司,1111230,1120106,1樓車道處施工架及1樓電梯井內施工平台。,1樓車道處施工架及1樓電梯井內施工平台未有防護。
431,瓦斯管線及設備工程,張峻維（即大心瓦斯配管工程行）,1120103,1120613,本工程磚造門柱工區（泰安街3巷6號對面）。,本工程磚造門柱區因111年12月30日發生磚造門柱倒塌災害致勞工受傷職業災害，自112年1月5日8時30分起停工。
432,（109建116）大同區大同段522等4筆地號新建工程,興澤營造股份有限公司,1120105,1120111,全區外牆施工架。,於高差2公尺以上之工作場所邊緣及開口部分，未設置符合規定之護欄、護蓋、安全網或配掛安全帶之防墜設施。
433,瓦斯管線及設備工程,大台北區瓦斯股份有限公司,1120105,1120613,本工程磚造門柱工區（泰安街3巷6號對面）。,111年12月30日發生磚造門柱倒塌災害致再承攬人勞工受傷職業災害。
434,瓦斯管線及設備工程,協鼎工程有限公司,1120105,1120613,本工程磚造門柱工區（泰安街3巷6號對面）。,111年12月30日發生磚造門柱倒塌災害致再承攬人勞工受傷職業災害。
435,（110建256）立捷八德集合住宅新建工程,遠隆營造股份有限公司,1120106,1120107,外牆施工架。,外牆施工架開口無防護。
436,（109建293）臺北市大同區大龍段二小段集合住宅新建工程,田茂營造事業有限公司,1120107,1120112,全區外牆施工架。,於高差2公尺以上之工作場所邊緣及開口部分，未設置符合規定之護欄、護蓋、安全網或配掛安全帶之防墜設施。
437,（109建102）恆悅建設中山藝極新建工程,樹盛營造股份有限公司,1120109,1120206,地下1至3樓施工架。,於高差2公尺以上之工作場所邊緣及開口部分，未設置符合規定之護欄、護蓋、安全網或配掛安全帶之防墜設施。
438,（107建222）共同建設正義段集合住宅新建工程,賀建營造有限公司,1120110,1120112,全工區（1樓除外）。,地下2樓至地上4樓樓梯、2樓電梯直井、地下1樓電梯直井、外牆施工架及4樓板開口無防護。
439,（108建243）台北市南港區重陽里向陽路新建工程,昌譽營造股份有限公司,1120110,1120209,全區外牆施工架。,於高差2公尺以上之工作場所邊緣及開口部分，未設置符合規定之護欄、護蓋、安全網或配掛安全帶之防墜設施。
440,北大消防安全設備有限公司,北大消防安全設備有限公司,1120111,,春水堂西湖店2樓偵煙器安裝作業。,發生勞工疑似發生感電致死職業災害。
441,（111建018）?華青琉案新建工程,弘原營造有限公司,1120114,1120117,全區外牆施工架。,全區外牆施工架高度2公尺以上開口部分未設置防墜設備。
442,（107建243）臺北市興隆公共住宅二期A基地新建工程,新亞建設開發股份有限公司,1120115,1120130,B棟全區12~20樓施工架。,於高差2公尺以上之工作場所邊緣及開口部分，未設置符合規定之護欄、護蓋、安全網或配掛安全帶之防墜設施。
443,（108建151）南港區南港段三小段72之1等7筆土地新建工程,國原營造股份有限公司,1120131,1120214,A、B棟2、3、4樓及外牆施工架。,於高差2公尺以上之工作場所邊緣及開口部分，未設置符合規定之護欄、護蓋、安全網或配掛安全帶之防墜設施。
444,（109建276）璞松?新建工程,璞昌營造股份有限公司,1120201,1120206,全區外牆施工架。,於高差2公尺以上之工作場所邊緣及開口部分，未設置符合規定之護欄、護蓋、安全網或配掛安全帶之防墜設施。
445,（110建149）HONDA士林旗艦店新建工程,新憶營造有限公司,1120202,1120210,外牆施工架、3樓及4樓樓板外圍。,僱用勞工於外牆施工架、3樓及4樓樓板外圍從事營建施工管理等作業，高度2公尺以上開口未設置護欄、安全網等防護設備。
446,（111拆141）華誼建設股份有限公司信義區三興段一小段538-1地號共19筆拆除工程,京讚營造有限公司,1120207,1120208,全區外牆施工架。,全區外牆施工架開口未設防護。全區外牆施工架高差超過1.5公尺以上未設置安全上下設備。
447,（103建147）舊莊街1段145巷新建工程,新第營造工程股份有限公司,1120207,1120214,外牆施工架。,於高差2公尺以上之工作場所邊緣及開口部分，未設置符合規定之護欄、護蓋、安全網或配掛安全帶之防墜設施。
448,歷史建築中國電影製片廠—A攝影棚、錄音室修復工程,長聖營造有限公司,1120208,1120213,A區2樓。,於高差2公尺以上之工作場所邊緣及開口部分，未設置符合規定之護欄、護蓋、安全網或配掛安全帶之防墜設施。
449,（109建245）臺北市中山區天祥路住宅新建工程,虹泰營造有限公司,1120208,1120217,2樓。,2樓板開口無防護。
450,（110建106）110建字第0106號新建工程,興鴻旭工程有限公司,1120210,1120210,地下一樓。,雇用勞工於地下一樓從事連續壁作業高差超過1.5公尺以上未設置安全上下設備。
451,臺北市第二殯儀館聯外道路新築工程,冠君營造有限公司,1120213,1120214,A1橋臺施工架。,高差2公尺以上之工作場所邊緣及開口部分，應設置符合規定之護欄、護蓋、安全網或配掛安全帶之防墜設施。
452,（110建059）真?永?大樓新建工程,盛德營造股份有限公司,1120214,1120217,本工地外牆施工架及2樓板四周。,僱用勞工於外牆施工架及2樓板四周從事營建施工管理等作業，高度2公尺以上開口未設置護欄、護蓋或安全網等防護設備。
453,（111建139）尚軒住宅大樓新建工程,仁仁營造有限公司,1120216,1120222,第2層安全支撐。全區地梁。,第2層安全支撐開口無防護。全區地梁未設安全上下設備。
454,（109建142）恆悅建設中正雋詠新建工程,樹盛營造股份有限公司,1120217,1120222,7F~9F（含屋突層）外牆施工架、屋突層樓梯、各樓層管道間開口。,7F~9F（含屋突層）外牆施工架、屋突層樓梯、各樓層管道間開口未設置防墜設備。
455,光復樓古蹟修復及再利用工程,鋼成營造股份有限公司,1120217,1120221,光復樓南側3、4層施工架。,於高差2公尺以上之工作場所邊緣及開口部分，未設置符合規定之護欄、護蓋、安全網或配掛安全帶之防墜設施。
456,（108建162）公園大院-森活館新建工程,合聯營造股份有限公司,1120220,1120303,外牆施工架。,僱用勞工於外牆施工架從事營建施工管理等作業，高度2公尺以上開口未設置護欄、安全網等防護設備。
457,（109建249）睿泰建設川曜案大樓新建工程,樹盛營造股份有限公司,1120221,1120306,1F~11F管道間。,1F~11F管道間未設置防墜設備。
458,（106建133、106建136）臺北市萬華區新和國民小學新建工程,駿業興業有限公司,1120223,1120301,行政大樓外牆施工架。,僱用勞工於行政大樓外牆施工架從事施工架作業，高度超過2公尺以上未設置護欄、護蓋或安全網等防護設備。
459,（108建009）光復南路集合住宅新建工程,富瑄營造股份有限公司,1120224,1120303,A棟4樓外牆施工架、A棟1樓排風區。,A棟4樓外牆施工架高度2公尺以上開口部分未設置防墜設備。A棟1樓通風作業使用通風設備，位於該電動機具設備之連接電路上未設置適合其規格，具有高敏感度、高速型，能確實動作之防止感電用漏電斷路器。
460,（110建260）中華電信南港新機房暨商業大樓興建工程,大成工程股份有限公司,1120225,1120306,3樓支撐平臺。,於高差2公尺以上之工作場所邊緣及開口部分，未設置符合規定之護欄、護蓋、安全網或配掛安全帶之防墜設施。
461,（108建015）昇陽國際案新建工程,新東陽營造股份有限公司,1120301,1120303,2樓管道間及2樓電梯井。,2樓管道間及2樓電梯井高度2公尺以上未設防護。
462,（109建248）玥隱信義住宅新建工程,華熊營造股份有限公司,1120305,1120307,地下1樓B區樓板。,地下1樓B區樓板開口未設防護。
463,（109建210）友座君碧新建工程,慶嶸營造股份有限公司,1120308,1120314,12樓以上。,僱用勞工於12樓以上從事營建施工管理等作業，高度2公尺以上開口未設置護欄、安全網等防護設備。
464,（110建105）冠輝京品新建工程,禾享工程有限公司,1120313,1120314,地下1樓。,雇用勞工於地下1樓從事連續壁作業高差超過1.5公尺以上未設置安全上下設備。
465,（111建023）臺北市立美術館典藏庫房新建暨南進門改善統包工程,久年營造股份有限公司,1120315,1120317,外牆施工架、緊急發電室屋頂、戶外冷卻水塔場、地下2樓水箱室。,外牆施工架、緊急發電室屋頂、戶外冷卻水塔場開口無防護。地下2樓水箱室未設安全上下設備。
466,（108建050）內湖321K01停車場新建工程,登山營造股份有限公司,1120317,1120321,外牆施工架及2樓室內施工架。,外牆施工架及2樓室內施工架未有防護。
467,（109建066）麗源建設北投區中央南路案新建工程,笙泰營造股份有限公司,1120318,1120321,A棟9樓至12樓樓板周邊，B棟4樓至5樓、12樓至13樓樓板周邊。,僱用勞工於A棟9樓至12樓樓板周邊，B棟4樓至5樓、12樓至13樓樓板周邊從事營建施工管理等作業，高度2公尺以上開口未設置護欄、安全網等防護設備。
468,（108建156）臺北市信義區吳興街住宅新建工程,千瑞營造股份有限公司,1120323,1120329,2樓至6樓外牆施工架。,2樓至6樓外牆施工架未設防護。
469,（111建009）西湖分館外掛式無障礙電梯工程,水平線營造有限公司,1120323,1120502,地下1樓。,擋土支撐未依設計圖說施作（以可調式鋼管代替擋土支撐，無角撐及托架）
470,（104建225）金泰段102之3地號新建工程,瓏山林營建股份有限公司,1120328,1120330,外牆施工架、天井施工架。,外牆施工架、天井施工架開口無防護。
471,LG02車站、LG02至LG03及LG02至LG01潛盾隧道土建工程,大陸工程股份有限公司,1120406,1120727,本工程潛盾機及工作車。,112年4月6日發生潛盾機致承攬人被夾死亡災害。
472,（109建188）最大直集合住宅新建工程,大陸工程股份有限公司,1120408,1120410,7樓。,7樓樓板及樓梯開口未設防護。
473,（110建229）是方電訊IDC機房新建工程,利晉工程股份有限公司,1120409,1120428,室內所有施工架。,室內所有施工架未有防護。
474,（108建047）台北市內湖區舊宗公共住宅新建工程,文昌營造工程有限公司,1120409,1120502,A樓梯。,A樓梯未有防護。
475,（111建023）臺北市立美術館典藏庫房新建暨南進門改善統包工程,久年營造股份有限公司,1120410,1120417,1樓室內施工架、外牆施工架、戶外冷卻水塔場。,1樓室內施工架、外牆施工架、戶外冷卻水塔場開口無防護，未設安全上下設備。。
476,（108建061）廣域格康大安區金華段一小段0030-0003地號集合住宅新建工程,慶瑞營造股份有限公司,1120412,1120414,6樓露臺及屋突。,僱用勞工於6樓露臺及屋突從事營建施工管理等作業，高度2公尺以上開口未設置護欄、護蓋、安全網等防護設備。
477,（110建207）北投奇岩段三小段集合住宅新建工程（奇岩綠境）,萬松營造有限公司,1120413,1120421,2樓至6樓外牆施工架。,僱用勞工於2樓至6樓外牆施工架從事營建施工管理等作業，高度2公尺以上開口未設置護欄、安全網等防護設備。
478,（109建211）台北市信義區犁和段三小段0240-0001地號新建工程,金盟營造有限公司,1120414,1120418,6樓至10樓樓梯。,6樓至10樓樓梯未設防護。
479,（110建157）晶鑽集合住宅新建工程,弘原營造有限公司,1120417,1120418,1樓板、地下1樓。,僱用勞工於1樓板從事營建施工管理等作業，高度2公尺以上開口未設置護欄、安全網等防護設備。於地下1樓未設置安全上下設備。
480,（110建030）廣陞建設長安東路住宅規劃案新建工程,齊陞營造股份有限公司,1120419,1120515,地下汽車昇降機直井施工架。,地下汽車昇降機直井施工架開口無防護。
481,（110建115）北投泊山妍新建工程,大家營造股份有限公司,1120420,1120428,壓梁開挖面。,壓梁開挖面未設擋土支撐。
482,（108建075）碩河信義A7商業大樓新建工程,大陸工程股份有限公司,1120421,1120425,裙樓地下4樓樓板。,裙樓地下4樓樓板未設防護，1.5以上未設安全上下設備。
483,（109建253）韋昌?清江集合宅新建工程,合興建設股份有限公司,1120425,1120502,全區外牆施工架。,僱用勞工於全區外牆施工架從事營建施工管理等作業，高度2公尺以上開口未設置護欄、安全網等防護設備。
484,（109建021）恆合龍泉段109-0021號集合住宅新建工程,恆合營造有限公司,1120426,1120501,6樓樓板。,僱用勞工於6樓樓板從事營建施工管理等作業，高度2公尺以上開口未設置護欄、護蓋、安全網等防護設備。
485,（109建210）友座君碧新建工程,慶嶸營造股份有限公司,1120428,1120502,15樓挑空區。,僱用勞工於15樓挑空區從事營建施工管理等作業，高度2公尺以上開口未設置護欄、安全網等防護設備。
486,（109建121）新美齊硯新建工程,豐興營造工程有限公司,1120505,1120519,全區外牆施工架。,於高差2公尺以上之工作場所邊緣及開口部分，未設置符合規定之護欄、護蓋、安全網或配掛安全帶之防墜設施。
487,（108建151）南港區南港段三小段72之1等7筆土地新建工程,國原營造股份有限公司,1120506,1120609,A、B棟地上樓層全部。,發生勞工墜落死亡職業災害。
488,（110建078）金矽谷26期新建工程,建坤營造事業股份有限公司,1120507,1120516,1樓施工平臺（兩座）及3樓電梯平臺。,1樓施工平臺（兩座）及3樓電梯平臺未有防護。
489,（107建001）亞昕華威集合住宅新建工程,國原營造股份有限公司,1120508,1120512,17樓至19樓外牆施工架。,17樓至19樓外牆施工架未設防護。
490,（111建1688）南山A26地上權案新建工程,達欣工程股份有限公司,1120508,1120529,地上層。,發生勞工跌倒死亡職業災害。
491,（110建333）文昌段集合住宅新建工程,禾峰營造股份有限公司,1120511,1120512,開挖區之連續壁劣質區。,開挖區之連續壁劣質區高度2公尺以上未設防護，高度1.5公尺未設安全上下設備。
492,（109建189）興富發建設工商業大樓新建工程,齊裕營造股份有限公司,1120511,1120516,1樓施工排架（兩座）。,1樓施工排架（兩座）未有防護。
493,（106建213）北投區三合段0057-0000地號新建工程,旺洲開發股份有限公司,1120512,1120516,開挖面四周。,開挖面四周開口無防護。
494,（107建039）虹欣建設南港區玉成段三小段住宅大樓新建工程,宏林營造廠股份有限公司,1120513,1120523,A、B棟外牆施工架。,A、B棟外牆施工架開口無防護。
495,（110建041）德謙驛集合住宅新建工程,大億營造有限公司,1120513,1120516,2樓至5樓陽臺、外牆施工架。,僱用勞工於2樓至5樓陽臺、外牆施工架從事營建施工管理等作業，高度2公尺以上開口未設置護欄、安全網等防護設備。
496,（109建089）信義區黎和段三小段集合住宅大樓新建工程,華熊營造股份有限公司,1120513,1120712,基礎工程。,露天開挖場所有地面崩塌，連續壁構造物其功能失效。
497,（109建063）信義CASA新建工程,暘昌營造股份有限公司,1120515,1120522,外牆施工架。,於高差2公尺以上之工作場所邊緣及開口部分，未設置符合規定之護欄、護蓋、安全網或配掛安全帶之防墜設施。
498,（108建251）天津街都更案新建工程,大陸工程股份有限公司,1120517,1120524,外牆施工架。,外牆施工架開口無防護。
499,（109建093）騰竣建設有限公司新建工程,隆豪營造有限公司,1120518,1120523,外牆施工架。,僱用勞工於外牆施工架從事營建施工管理等作業，高度2公尺以上開口未設置護欄、安全網等防護設備。
500,（111建023）臺北市立美術館典藏庫房新建暨南進門改善統包工程,久年營造股份有限公司,1120518,1120524,1樓西側鋼承板、1樓景觀樓梯及連通道外牆施工架。,1樓西側鋼承板、1樓景觀樓梯及連通道外牆施工架開口無防護。
501,（108建050）內湖321K01停車場新建工程,登山營造股份有限公司,1120519,1120523,外牆施工架。,外牆施工架未有防護。
502,（110建036）忠泰旭美新建工程,忠泰營造股份有限公司,1120523,1120531,東側2至10樓陽台。,僱用勞工於東側2至10樓陽台從事營建施工管理作業，高度超過2公尺以上未設置護欄、護蓋或安全網等防護設備。
503,（111建258）第一果菜（含堤內中繼）及萬大魚類批發市場改建統包工程,中華工程股份有限公司,1120525,1120530,D區及A3區地上1、2、3樓板。,僱用勞工於D區及A3區地上1、2、3樓板從事營建施工管理等作業，高度2公尺以上開口未設置護欄、護蓋、安全網等防護設備。
504,（107建232）臺北市南港區經貿段15地號土地地上權案總包工程,榮工工程股份有限公司,1120525,1120531,全區地梁。,全區地梁開口未設防護。
505,（109建045）艋舺案新建工程,騰森營造股份有限公司,1120526,1120602,施工架。,僱用勞工於施工架從事營建施工管理等作業，高度2公尺以上開口未設置護欄、護蓋、安全網等防護設備。
506,（108建241）名積建設懷生段新建工程,地樺營造事業股份有限公司,1120603,1120607,B3樓至1樓無障礙梯。,於高差2公尺以上之工作場所邊緣及開口部分，未設置符合規定之護欄、護蓋、安全網或配掛安全帶之防墜設施。
507,（109建233）璞真合和案住宅大樓新建工程,辰豐營造股份有限公司,1120603,1120612,外牆施工架。,於高差2公尺以上之工作場所邊緣及開口部分，未設置符合規定之護欄、護蓋、安全網或配掛安全帶之防墜設施。
508,（109建276）璞松?新建工程,璞昌營造股份有限公司,1120606,1120609,外牆施工架、天井施工架。,外牆施工架、天井施工架開口無防護。
509,（109建259）璞真榮華案住宅大樓新建工程,辰豐營造股份有限公司,1120607,1120613,全區外牆施工架、天井。,僱用勞工於全區外牆施工架、天井從事營建施工管理等作業，高度2公尺以上開口未設置護欄、護蓋、安全網等防護設備。
510,（107建193）士林區陽明段集合住宅新建工程,上承營造股份有限公司,1120608,1120613,外牆施工架、A棟西側3樓至15樓陽臺。,僱用勞工於外牆施工架、A棟西側3樓至15樓陽臺從事營建施工管理等作業，高度2公尺以上開口未設置護欄、安全網等防護設備。
511,（111建207）海川內湖區文德段新建工程,利晉工程股份有限公司,1120608,,工區內邊坡。,工區內邊坡未有防護。
512,南京東路3段301號裝修工程,三力宅實業有限公司,1120608,1120617,地上2樓至5樓。,地上2樓至5樓未設置防墜設備。
513,（108建161）家賀御織間大樓新建工程,連元營造股份有限公司,1120612,1120614,外牆施工架。,外牆施工架開口無防護。
514,（110建307）致遠新村職務宿舍及檔案大樓新建工程,世久營造探勘工程股份有限公司,1120614,1120616,宿舍大樓外牆施工架、天井及電梯井。,僱用勞工於宿舍大樓外牆施工架、天井及電梯井從事營建施工管理等作業，高度2公尺以上開口未設置護欄、護蓋、安全網等防護設備。
515,大隱青后樣品屋新建工程,華鋼有限公司,1120615,1120620,樣品屋2、3樓及屋頂。,於高差2公尺以上之工作場所邊緣及開口部分，未設置符合規定之護欄、護蓋、安全網或配掛安全帶之防墜設施。
516,（109建219）中正城閱新建工程,松禾營造股份有限公司,1120619,1120621,甲棟西側11至13樓、東側4至13樓外牆施工架。,甲棟西側11至13樓、東側4至13樓外牆施工架於高差2公尺以上開口部分未防護。
517,臺北市政府消防局112年度南港分隊整修工程,昌毓營造股份有限公司,1120619,1120626,外牆施工架。,外牆施工架開口無防護。
518,（109建172）中山臻品新建工程,允升營造有限公司,1120620,1120627,全區外牆施工架 。,全區外牆施工架未設防護。
519,（108建149）臺北市士林區光華段集合住宅新建工程,森城建設股份有限公司,1120620,1120627,15樓至21樓外牆施工架、4樓至20樓陽臺。,僱用勞工於15樓至21樓外牆施工架、4樓至20樓陽臺從事營建施工管理等作業，高度2公尺以上開口未設置護欄、安全網等防護設備。
520,林家榛（即湘品麵食店）,林家榛（即湘品麵食店）,1120622,1120628,內湖店烹煮食材之作業場所（包含前場烹煮區及後場備料區）及櫃檯。,抽風機故障（皮帶斷裂）發生一氧化碳濃度達290ppm，造成3名勞工及1名合夥人中毒之職業災害。
521,（109建003）信義永吉段住宅新建工程,富麗營造股份有限公司,1120624,1120706,全棟梯廳間。,於高差2公尺以上之工作場所邊緣及開口部分，未設置符合規定之護欄、護蓋、安全網或配掛安全帶之防墜設施。
522,（109建178）嘉磐華山雍翠新建工程,第寶營造工程有限公司,1120625,1120705,外牆施工架、天井施工架、汽車昇降直井施工架及屋突層。,外牆施工架、天井施工架、汽車昇降直井施工架、屋突樓梯、屋突樓板開口無防護。
523,（108建162）公園大院-森活館新建工程,合聯營造股份有限公司,1120627,1120710,全區外牆施工架。,全區外牆施工架於高差2公尺以上開口部分未防護。
524,（108建252）巴迪資產溫泉路大樓新建工程,松旭營造股份有限公司,1120627,1120629,地下第1層支撐至地下第2層支撐之開口部分、施工架。,僱用勞工於地下第1層支撐至地下第2層支撐之開口部分、施工架從事營建施工管理等作業，高度2公尺以上開口未設置護欄、護蓋、安全網等防護設備。
525,（109建115）中山自在新建工程,築舍營造股份有限公司,1120627,1120703,B樓梯（1樓至屋頂）、陽臺（2樓至15樓）。,B樓梯（1樓至屋頂）、陽臺（2樓至15樓）開口無防護。
526,（109建140）臺北市中山區中山段四小段42地號等9筆土地危老重建新建工程,全城營造廠有限公司,1120627,1120703,地下3樓、第3層安全支撐。,地下3樓、第3層安全支撐開口無防護。
527,（110建012）順天利原樹集合住宅新建工程,和泰興營造股份有限公司,1120629,1120710,第2、5層安全支撐。,第2、5層安全支撐開口無防護。
528,年盛食品工廠有限公司,年盛食品工廠有限公司,1120630,1120707,3樓第2儲存槽。,貴事業單位3樓第2儲存槽敬請於112年6月30日16時50分起立即停工改善，並收執停工通知書及復工申請書1份。
529,皇家大樓外牆整修工程,源信工程顧問有限公司,1120630,1120705,外牆施工架。,於高差2公尺以上之工作場所邊緣及開口部分，未設置符合規定之護欄、護蓋、安全網或配掛安全帶之防墜設施。
530,（108建243）台北市南港區重陽里向陽路新建工程,昌譽營造股份有限公司,1120630,1120711,外牆施工架、1樓室內施工架、屋突施工架。,外牆施工架、1樓室內施工架、屋突施工架開口無防護。
531,（108建243）台北市南港區重陽里向陽路新建工程,久云建設股份有限公司,1120630,1120711,外牆施工架、1樓室內施工架、屋突施工架。,外牆施工架、1樓室內施工架、屋突施工架開口無防護。
532,（107建039）虹欣建設南港區玉成段三小段住宅大樓新建工程,宏林營造廠股份有限公司,1120701,1120711,A棟外牆施工架及天井施工架、B棟天井施工架、A棟4樓陽臺。,A棟外牆施工架及天井施工架、B棟天井施工架、A棟4樓陽臺開口無防護。
533,（110建287）義華建設日新好好店鋪集合住宅新建工程,豪豐營造股份有限公司,1120703,1120706,1樓板。,1樓板於高差2公尺以上開口部分未防護。
534,（109建189）興富發建設工商業大樓新建工程,齊裕營造股份有限公司,1120703,1120706,外牆施工架（含屋突）及樓梯。,外牆施工架（含屋突）及樓梯未有防護。
535,臺北文化體育園區（大巨蛋）基地臺建設、維運暨緊急搶修工程,遠傳電信股份有限公司,1120705,1120928,大巨蛋地上3至5樓。,發生勞工感電死亡職業災害。
536,何秉益（即福田園教育休閒農場）,何秉益（即福田園教育休閒農場）,1120706,,「你農我農友善田園）之菜園區2公尺以上高處作業處所。,發生勞工墜落死亡職業災害。
537,（109建085）元興建設文山區溪洲街集合住宅新建工程,五益營造股份有限公司,1120712,1120717,外牆施工架。,外牆施工架未有防護。
538,（108建171）民凱建設民和街集合住宅新建工程,億東營造股份有限公司,1120712,1120913,全區施工架。,全區施工架於高差2公尺以上開口部分未防護。
539,（110建073）虹光永康壹號新建工程,森城建設股份有限公司,1120714,1120717,全區外牆施工架。,於高差2公尺以上之工作場所邊緣及開口部分，未設置符合規定之護欄、護蓋、安全網或配掛安全帶之防墜設施。
540,光華營區中山堂外牆防水暨周邊設施整修工程,固得營造有限公司,1120714,1120804,中山堂外牆施工架、中山堂內移動式施工架。,於高差2公尺以上之工作場所邊緣及開口部分，應設置符合規定之護欄、護蓋、安全網或配掛安全帶之防墜設施。
541,光華營區中山堂外牆防水暨周邊設施整修工程,固得營造有限公司,1120714,1120804,中山堂外牆施工架、中山堂內移動式施工架。,於高差超過一‧五公尺以上之場所作業，應設置符合規定之安全上下設備。
542,（110建120）遠雄AO1商辦大樓新建工程,呂發興業有限公司,1120715,1120717,3樓板。,僱用勞工於3樓板從事外牆施工架組立等作業，高度2公尺以上開口未採取使勞工使用安全帶等防止墜落致勞工遭受危險之措施。
543,（111建177）陳同實業文山區萬慶段住商大樓新建工程,樹盛營造股份有限公司,1120717,1120802,（全區）外牆施工架。,於高差2公尺以上之（全區）外牆施工架場所邊緣及開口部分，未設置符合規定之護欄、護蓋、安全網或配掛安全帶之防墜設施，本工地（全區）外牆施工架於112年7月17日16時0分起立即停工改善。
544,（111建177）陳同實業文山區萬慶段住商大樓新建工程,樹盛營造股份有限公司,1120717,1120802,（全區）外牆施工架。,於高差超過1.5公尺以上之（全區）外牆施工架場所從事作業，未設置符合規定之安全上下設備，本工地（全區）外牆施工架於112年7月17日16時0分起立即停工改善。
545,（110建157）晶鑽集合住宅新建工程,弘原營造有限公司,1120720,1120728,地下第2層支撐、地下第3層支撐。,僱用勞工於地下第2層支撐、地下第3層支撐從事營建施工管理等作業，高度2公尺以上開口未設置護欄、護蓋、安全網等防護設備。
546,臺北市市定古蹟學海書院（今高氏宗祠）第一期修復工程,潤昶有限公司,1120722,1120726,大廳區兩處移動式施工架及門口處施工架。,高差2公尺以上之工作場所邊緣及開口部分，應設置符合規定之護欄、護蓋、安全網或配掛安全帶之防墜設施。
547,臺北市市定古蹟學海書院（今高氏宗祠）第一期修復工程,潤昶有限公司,1120722,1120726,大廳區兩處移動式施工架及軒亭區後方施工架。,高差超過一‧五公尺以上之場所作業，應設置符合規定之安全上下設備。
548,（109建281）松德88住宅大樓新建工程,統營營造股份有限公司,1120724,1120801,地下室全區、2樓全區（1、5戶除外）。,於高差2公尺以上之工作場所邊緣及開口部分，未設置符合規定之護欄、護蓋、安全網或配掛安全帶之防墜設施。
549,（108雜037）（105建103）南榮世界明珠開發案新建工程,中鹿營造股份有限公司,1120724,1120801,地下1、2、3樓管道間。,地下1、2、3樓管道間開口未設工作臺。
550,（108建227）臺北市南港區南港機廠基地公共住宅統包工程,大陸工程股份有限公司,1120724,1120725,北棟東側外牆施工架。,北棟東側外牆施工架開口無防護。
551,（109建063）信義CASA新建工程,暘昌營造股份有限公司,1120725,1120804,全區外牆施工架。,於高差2公尺以上之工作場所邊緣及開口部分，未設置符合規定之護欄、護蓋、安全網或配掛安全帶之防墜設施。
552,八德路2段410巷90號外牆裝修工程,展程設計工程有限公司,1120725,1120804,外牆施工架。,外牆施工架未設置防墜設備。
553,（107建001）亞昕華威集合住宅新建工程,國原營造股份有限公司,1120728,1120801,本工地5至7樓外牆施工架。,本工地5至7樓外牆施工架未設防護。
554,（110建229）是方電訊IDC機房新建工程,利晉工程股份有限公司,1120728,1120808,地上7樓施工架。,7樓施工架高度2公尺以上開口部分未設置護欄、護蓋或安全網等防護設備且未設置能使勞工安全上下之設備。
555,台灣新明和工業股份有限公司,台灣新明和工業股份有限公司,1120729,,停工名稱：貴事業單位承攬日勝生加賀屋國際溫泉飯店股份有限公司之停車塔1（內塔）之定期點檢、各機件之調整、清潔、性能調整、維修作業。地點：臺北市北投區光明路236號之停車塔1（內塔）。,發生死亡職業災害（勞動檢查法第27條）。
556,（109建6868）統創緻新建工程,東生營造股份有限公司,1120802,1121120,1樓及地下室。,發生勞工重大職業災害。
557,112年度中棟1樓陰暗廊道及學校穿堂門廳整修工程,童心園營造工程有限公司,1120804,1120807,中棟1樓穿堂施工架。,中棟1樓穿堂施工架未設防護。
558,臺北都會區大眾捷運系統萬大-中和-樹林線（第一期工程）CQ840區段標工程,大陸工程股份有限公司,1120804,1120808,#4樓梯、#3電扶梯、#7員工樓梯。,本工地敬請於112年8月4日15時10分起立即停工改善，並收執停工通知書1份（停工範圍及事實詳停工通知書）。
559,（109建257）陞遠學新建工程,萬堡營造股份有限公司,1120807,1120809,各樓層管道間、屋突層施工架。,各樓層管道間、屋突層施工架未設置防墜設備。
560,（109建229）安康段科技大樓新建工程,宏林營造廠股份有限公司,1120808,1120816,外牆施工架及天井區樓板邊緣。,外牆施工架及天井區樓板邊緣未有防護。
561,（109建015）紘陽建設股份有限公司集合住宅新建工程,大業工程股份有限公司,1120808,1120814,本工地地下第1層安全支撐。,於高差2公尺以上之下第1層安全支撐工作場所邊緣及開口部分，未設置符合規定之護欄、護蓋、安全網或配掛安全帶之防墜設施。
562,（110建238）興富發建設商辦大樓新建工程,佑啟發企業有限公司,1120809,1120815,北側Y4區1樓板。,僱用勞工於北側Y4區1樓板從事鋼筋作業，高度超過2公尺以上未設置護欄、護蓋或安全網等防護設備。
563,三玉區民活動中心大樓防水改善工程施工案,台灣南海股份有限公司,1120810,1120811,全區外牆施工架。,僱用勞工於全區外牆施工架從事營建施工管理等作業，高度2公尺以上開口未設置護欄、安全網等防護設備。
564,（108建046）臺北市中山區培英公共住宅新建工程,毅成建設股份有限公司,1120815,1120816,6樓。,6樓電梯及樓梯開口無防護。
565,（110建099）築觀建築永吉案新建工程,璞承營造股份有限公司,1120816,1120818,2樓全區。,於高差2公尺以上之工作場所邊緣及開口部分，未設置符合規定之護欄、護蓋、安全網或配掛安全帶之防墜設施。
566,（108建122）鼎吉開發舞青住宅新建工程,旺邦營造股份有限公司,1120820,1120829,9樓及外牆施工架。,9樓樓梯及電梯、外牆施工架開口無防護。
567,（108建209）臺億建築經理股份有限公司新建工程,熊敏營造有限公司,1120825,1120830,外牆施工架、汽車昇降直井施工架、屋突天井施工架。,外牆施工架、汽車昇降直井施工架、屋突天井施工架開口無防護。
568,（108建209）臺億建築經理股份有限公司新建工程,熊敏營造有限公司,1120825,1120830,屋突天井施工架。,屋突天井施工架未設安全上下設備。
569,（108建075）碩河信義A7商業大樓新建工程,大陸工程股份有限公司,1120825,1120901,地下4樓施工架。,地下4樓施工架開口無防護。
570,（108建075）碩河信義A7商業大樓新建工程,大陸工程股份有限公司,1120825,1120901,地下4樓施工架。,地下4樓施工架未設安全上下設備。
571,北區資材調度中心建置接續工程,遠征營造有限公司,1120825,1120901,北區資材調度中心外牆施工架。,外牆施工架開口無防護。
572,（111建075）上城若水新建工程,信創營造股份有限公司,1120826,1120830,構臺及第2層安全支撐。,構臺及第2層安全支撐開口無防護。
573,（111建075）上城若水新建工程,信創營造股份有限公司,1120826,1120830,第2層安全支撐。,第2層安全支撐通往開挖面未設安全上下設備。
574,（109建135）潤泰青田街案新建工程,軒碧有限公司,1120828,1120830,南側4樓至10樓外露梁。,南側4樓至10樓外露梁未設防護。
575,「民生水資源再生中心暨下水道環境教育館新建工程」統包案,利德工程股份有限公司,1120828,1120829,環境教育館2F、MF層（管廊）?。,本工地敬請於112年8月28日15時08分起立即停工改善，並收執停工通知書1份（停工範圍及事實詳停工通知書）。
576,（107建077）良昱建設玉泉段565號集合住宅新建工程,笙泰營造股份有限公司,1120828,1121018,各樓層水電更新工程。,發生勞工死亡職業災害。
577,（111雜008）無障礙電梯新建工程,旺福營造有限公司,1120830,1120905,外牆施工架。,外牆施工架開口無防護。
578,臺北市立南港高級工業職業學校110年校舍地震損害修護工程,鑫利華營造有限公司,1120830,1120908,外牆施工架。,外牆施工架開口無防護。
579,（108建009）光復南路集合住宅新建工程,富瑄營造股份有限公司,1120831,1120907,A棟、C及D棟外牆施工架，B棟地下1樓至2樓樓梯。,A棟、C及D棟外牆施工架，B棟地下1樓至2樓樓梯未設置防墜設備。
580,（111建169）首笠建設大樓新建工程,福益營造股份有限公司,1120908,,地下2樓汽車升降坑。,地下2樓汽車升降坑未設防護。
581,（110建092）基泰大安新建工程,福益營造股份有限公司,1120908,,3樓板電梯井、樓梯、管道間平台。,僱用勞工於3樓板電梯井、樓梯、管道間平台從事營建施工管理等作業，高度2公尺以上開口未設置護欄、安全網等防護設備。
582,（110建363）基泰大直新建工程,福益營造股份有限公司,1120908,,基礎工程。,露天開挖場所有地面崩塌，連續壁構造物其功能失效。
583,（109建209）安家卓越臨沂段一小段新建工程,台灣大林組營造股份有限公司,1120909,1120920,外牆施工架。,於高差2公尺以上之工作場所邊緣及開口部分，未設置符合規定之護欄、護蓋、安全網或配掛安全帶之防墜設施。
584,（109建257）陞遠學新建工程,萬堡營造股份有限公司,1120909,1120913,外牆施工架及天井施工架。,外牆施工架及天井施工架開口無防護，天井施工架未設安全上下設備。
585,（104建219）基泰建設股份有限公司-內湖區碧湖段集合住宅新建工程,華林營造股份有限公司,1120909,,2至4樓、天井施工架、地下室挑空區工作平臺。,2至4樓、天井施工架開口無防護，地下室挑空區未以架設施工架方式設置工作平臺。
586,（110建157）晶鑽集合住宅新建工程,弘原營造有限公司,1120911,1120912,地下2樓板。,僱用勞工於地下2樓板從事營建施工管理等作業，高度2公尺以上開口未設置護欄、安全網等防護設備。
587,（107建250）震一建設北安段集合住宅新建工程,豐譽聯合工程股份有限公司,1120919,1120921,全區施工架。,於高差2公尺以上之工作場所邊緣及開口部分，未設置符合規定之護欄、護蓋、安全網或配掛安全帶之防墜設施。
588,（108建015）昇陽國際案新建工程,新東陽營造股份有限公司,1120919,1120922,外牆施工架、施工圍籬。,外牆施工架開口無防護，進行高度2公尺以上之防音帆布修復作業，未架設工作臺。
589,（109建249）睿泰建設川曜案大樓新建工程,永甫有限公司,1120919,1120921,外牆施工架。,於高差2公尺以上之工作場所邊緣及開口部分，未設置符合規定之護欄、護蓋、安全網或配掛安全帶之防墜設施。
590,（110建032）三軍總醫院松山分院航空醫學大樓新建統包工程,世久營造探勘工程股份有限公司,1120921,1120926,醫學大樓外牆施工架。,於高差2公尺以上之工作場所邊緣及開口部分，未設置符合規定之護欄、護蓋、安全網或配掛安全帶之防墜設施。
591,（108建151）南港區南港段三小段72之1等7筆土地新建工程,國原營造股份有限公司,1120928,1121017,於高差2公尺以上之工作場所（B棟5樓至9樓外牆施工架）邊緣及開口部分，未設置符合規定之護欄、護蓋、安全網或配掛安全帶之防墜設施。,於高差2公尺以上之工作場所（B棟5樓至9樓外牆施工架）邊緣及開口部分，未設置符合規定之護欄、護蓋、安全網或配掛安全帶之防墜設施。
592,（110建021）淞瀚建設敦北文華新建工程,億東營造股份有限公司,1120928,1121004,全區外牆施工架。,於高差2公尺以上之工作場所邊緣及開口部分，未設置符合規定之護欄、護蓋、安全網或配掛安全帶之防墜設施。
593,市民大道3段163號外牆修繕工程,帝佑營造有限公司,1120928,1120928,外牆施工架。,外牆施工架未設置防墜設備。
594,（109建075）九五尊邸都市更新案新建工程,帆登營造股份有限公司,1120930,1121011,全區外牆施工架。,僱用勞工於全區外牆施工架從事營建施工管理等作業，高度2公尺以上開口未設置護欄、護蓋、安全網等防護設備。
595,（110建032）三軍總醫院松山分院航空醫學大樓新建統包工程,世久營造探勘工程股份有限公司,1121007,1101027,醫療大樓1至3樓外牆施工架。,於高差2公尺以上之工作場所邊緣及開口部分，未設置符合規定之護欄、護蓋、安全網或配掛安全帶之防墜設施。
596,（106建215）承德民生集合住宅B棟大樓新建工程,華熊營造股份有限公司,1121008,1121013,17至18樓樓梯、18樓電梯井及管道間。,17至18樓樓梯、18樓電梯井及管道間未設防護。
597,（109建035）公館配水池改建暨共構多目標綜合大樓新建工程,福清營造股份有限公司,1121013,1121212,工地B棟地上層。,發生勞工死亡職業災害。
598,（109建273）松達土地開發內湖區西湖段策略性產業新建工程,駿朋營造股份有限公司,1121014,1121031,外牆及天井施工架、電梯直井施工架、2至11樓管道、11樓板、11樓樓梯。,外牆及天井施工架、電梯直井施工架、2至11樓管道、11樓板、11樓樓梯開口無防護，天井施工架未設安全上下設備。
599,（108建111）GWT宏築信義集合住宅新建工程,瑞助營造股份有限公司,1121016,1121101,地下1樓施工架、地下1樓組模工作臺。,地下1樓施工架開口未設防護，地下1樓高差2公尺以上之處所進行組模作業時，未以架設施工架等方法設置工作臺，地下1樓施工架未設安全上下設備。
600,（110建111）璞億朱崙街新建工程,璞承營造股份有限公司,1121024,1121026,地上8樓到10樓外牆施工架。,地上8樓到10樓外牆施工架未設置防墜設備。
601,（110建181）品宣建設有限公司集合住宅新建工程,瑞恆營造股份有限公司,1121024,1121031,外牆施工架。,外牆施工架開口無防護。
602,直轄市定古蹟「空軍總司令部（原臺灣總督府工業研究所）」－舊辦公大樓、戰情大樓暨古蹟附屬設施修復及再利用工程,慶霖營造股份有限公司,1121026,1121031,戰情大樓2樓室內、室外施工架及北側外牆施工架。,高差2公尺以上之工作場所邊緣及開口部分，應設置符合規定之護欄、護蓋、安全網或配掛安全帶之防墜設施。
603,台北市陽明段公設VIP工程,宜韋室內裝修股份有限公司,1121028,1121206,地上1樓多功能室。,發生勞工死亡職業災害。
604,（109建211）台北市信義區犁和段三小段0240-0001地號新建工程,金盟營造有限公司,1121102,1121110,2樓至屋頂、外牆施工架、地下室停車昇降直井施工架。,2樓至屋頂樓梯、外牆施工架、地下室停車昇降直井施工架開口無防護。地下室停車昇降直井施工架未設安全上下設備。
605,（112拆008）112拆008號拆除工程,大元營造股份有限公司,1121104,1121107,屋突施工架,僱用勞工於屋突施工架從事營建管理作業，高度超過2公尺以上未設置護欄、護蓋或安全網等防護設備。
606,（108建207）臺北市文山區興隆社會住宅 I 區新建工程,新亞建設開發股份有限公司,1121104,1121110,A棟外牆施工架,於高差2公尺以上之工作場所邊緣及開口部分，未設置符合規定之護欄、護蓋、安全網或配掛安全帶之防墜設施。
607,（108建057）華誼民權大同段新建工程,震昌工程股份有限公司,1121105,1121127,地下1至5樓停車格及車道。,地下1至5樓停車格及車道有引起火災、爆炸之工作場所，未設置通風、換氣之必要設施。
608,（102建115）元利建設旅館大樓新建工程,五益營造股份有限公司,1121107,1121115,2至8樓景觀電梯鋼梁。,2至8樓景觀電梯鋼梁開口無防護。
609,（109建093）騰竣建設有限公司新建工程,隆豪營造有限公司,1121108,1121127,10樓至屋突1樓外牆施工架。,10樓至屋突1樓外牆施工架未設防護。
610,（109建257）陞遠學新建工程,萬堡營造股份有限公司,1121109,1121113,全區外牆施工架,於高差二公尺以上之工作場所邊緣及開口部分，未設置符合規定之護欄、護蓋、安全網或配掛安全帶之防墜設施。
611,（109建069）臺北市士林區百齡水岸社會住宅新建工程,登山營造股份有限公司,1121110,1121114,天井區施工架,僱用勞工於天井區施工架從事營建施工管理作業，高度超過2公尺以上未設置護欄、護蓋或安全網等防護設備。
612,（110建078）金矽谷26期新建工程,建坤營造事業股份有限公司,1121113,1121129,全區施工架,於高差二公尺以上之工作場所邊緣及開口部分，未設置符合規定之護欄、護蓋、安全網或配掛安全帶之防墜設施。
613,（107建108）達永秋鄉集合住宅新建工程,峰麒實業有限公司,1121114,1121123,車道施工架,僱用勞工於車道施工架從事油漆等作業，高度2公尺以上開口未設置護欄、護蓋、安全網等防護設備。車道施工架高差超過1.5公尺以上之工地場所，未設置使勞工安全上下之設備。
614,（109建271）立樺建設石牌住宅新建工程,地樺營造事業股份有限公司,1121115,1121117,屋突外牆及屋突施工架,屋突外牆及屋突施工架於高差2公尺以上開口部分未防護。
615,（112拆001）拆除工程,新安營造有限公司,1121116,1121123,工地竹架外牆施工架（北側、南側）,於高差2公尺以上之工地竹架外牆施工架（北側、南側）邊緣及開口部分，未設置符合規定之護欄、護蓋、安全網或配掛安全帶之防墜設施。於高差超過1.5公尺以上之工地竹架外牆施工架（北側、南側）場所作業，未設置符合規定之安全上下設備。
616,（107建122）嘉聖興天樂裡住宅大樓新建工程,福住建設股份有限公司,1121118,1121123,11樓。,11樓梁、11樓板、11樓樓梯開口無防護。
617,（109建248）玥隱信義住宅新建工程,華熊營造股份有限公司,1121118,1121126,會館屋頂板、會館外牆施工架。,會館屋頂板、會館外牆施工架開口無防護。
618,（110建122）昇陽建設企業股份有限公司新建工程,新東陽營造股份有限公司,1121120,1121124,全區外牆施工架,僱用勞工於全區外牆施工架從事營建施工管理等作業，高度2公尺以上開口未設置護欄、安全網等防護設備。
619,和平東路3段341巷52號公寓防水修繕工程,天仁防水工程有限公司,1121120,1121211,1樓大門正上方平臺及PVC浪板,於PVC浪板易踏穿材料構築之屋頂從事作業時，未於屋架上設置防止踏穿及鐵皮板寬度30公分以上之踏板、裝設安全網或配掛安全帶。
620,（110建020）臺北市大安區光華案集合住宅新建工程,三雋營造有限公司,1121121,1121122,13樓板陽台處,僱用勞工於13樓板陽台處從事營建施工管理等作業，高度2公尺以上開口未設置護欄、護蓋、安全網等防護設備。
621,（110建086）筑丰敦匯新建工程,偉榮工程有限公司,1121123,1121127,C28、C32、C33、C34柱,於高差2公尺以上之工作場所邊緣及開口部分，未設置符合規定之護欄、護蓋、安全網或配掛安全帶之防墜設施。於高差超過1.5公尺以上之場所作業，未設置符合規定之安全上下設備。
622,（107建222）共同建設正義段集合住宅新建工程,賀建營造有限公司,1121124,1121127,地上4樓到8樓（含屋突層）外牆施工架。,地上4樓到8樓（含屋突層）外牆施工架未設置防墜設備。
623,（108建058）張秀蘭農舍新建工程,三財營造有限公司,1121129,1121207,全區外牆施工架。,外牆施工架開口無防護。
624,（108建173）詔安建設中山松悅新建工程,山發營造股份有限公司,1121130,1121204,全區外牆施工架,全區外牆施工架未設置防墜設備。
625,（109建211）台北市信義區犁和段三小段0240-0001地號新建工程,金盟營造有限公司,1121102,1121110,2樓至屋頂、外牆施工架、地下室停車昇降直井施工架。,2樓至屋頂樓梯、外牆施工架、地下室停車昇降直井施工架開口無防護。地下室停車昇降直井施工架未設安全上下設備。
626,（108建057）華誼民權大同段新建工程,震昌工程股份有限公司,1121105,1121127,地下1至5樓停車格及車道。,地下1至5樓停車格及車道有引起火災、爆炸之工作場所，未設置通風、換氣之必要設施。
627,（108建207）臺北市文山區興隆社會住宅 I 區新建工程,新亞建設開發股份有限公司,1121104,1121110,A棟外牆施工架。,於高差2公尺以上之工作場所邊緣及開口部分，未設置符合規定之護欄、護蓋、安全網或配掛安全帶之防墜設施。
628,（112拆008）112拆008號拆除工程,大元營造股份有限公司,1121104,1121107,屋突施工架。,僱用勞工於屋突施工架從事營建管理作業，高度超過2公尺以上未設置護欄、護蓋或安全網等防護設備。
629,（102建115）元利建設旅館大樓新建工程,五益營造股份有限公司,1121107,1121115,2至8樓景觀電梯鋼梁。,2至8樓景觀電梯鋼梁開口無防護。
630,（109建093）騰竣建設有限公司新建工程,隆豪營造有限公司,1121108,1121127,10樓至屋突1樓外牆施工架。,10樓至屋突1樓外牆施工架未設防護。
631,（109建257）陞遠學新建工程,萬堡營造股份有限公司,1121109,1121113,全區外牆施工架。,於高差2公尺以上之工作場所邊緣及開口部分，未設置符合規定之護欄、護蓋、安全網或配掛安全帶之防墜設施。
632,（110建078）金矽谷26期新建工程,建坤營造事業股份有限公司,1121113,1121129,全區施工架。,於高差2公尺以上之工作場所邊緣及開口部分，未設置符合規定之護欄、護蓋、安全網或配掛安全帶之防墜設施。
633,（109建271）立樺建設石牌住宅新建工程,地樺營造事業股份有限公司,1121115,1121117,屋突外牆及屋突施工架。,屋突外牆及屋突施工架於高差2公尺以上開口部分未防護。
634,（109建069）臺北市士林區百齡水岸社會住宅新建工程,登山營造股份有限公司,1121110,1121114,天井區施工架。,僱用勞工於天井區施工架從事營建施工管理作業，高度超過2公尺以上未設置護欄、護蓋或安全網等防護設備。
635,（107建108）達永秋鄉集合住宅新建工程,峰麒實業有限公司,1121114,1121123,車道施工架。,僱用勞工於車道施工架從事油漆等作業，高度2公尺以上開口未設置護欄、護蓋、安全網等防護設備。車道施工架高差超過1.5公尺以上之工地場所，未設置使勞工安全上下之設備。
636,（112拆001）拆除工程,新安營造有限公司,1121116,1121123,工地竹架外牆施工架（北側、南側）。,於高差2公尺以上之工地竹架外牆施工架（北側、南側）邊緣及開口部分，未設置符合規定之護欄、護蓋、安全網或配掛安全帶之防墜設施。於高差超過1.5公尺以上之工地竹架外牆施工架（北側、南側）場所作業，未設置符合規定之安全上下設備。
637,（107建122）嘉聖興天樂裡住宅大樓新建工程,福住建設股份有限公司,1121118,1121123,11樓。,11樓梁、11樓板、11樓樓梯開口無防護。
638,（109建248）玥隱信義住宅新建工程,華熊營造股份有限公司,1121118,1121126,會館屋頂板、會館外牆施工架。,會館屋頂板、會館外牆施工架開口無防護。
639,和平東路3段341巷52號公寓防水修繕工程,天仁防水工程有限公司,1121120,1121211,1樓大門正上方平臺及PVC浪板。,於PVC浪板易踏穿材料構築之屋頂從事作業時，未於屋架上設置防止踏穿及鐵皮板寬度30公分以上之踏板、裝設安全網或配掛安全帶。
640,（110建122）昇陽建設企業股份有限公司新建工程,新東陽營造股份有限公司,1121120,1121124,全區外牆施工架。,僱用勞工於全區外牆施工架從事營建施工管理等作業，高度2公尺以上開口未設置護欄、安全網等防護設備。
641,（110建020）臺北市大安區光華案集合住宅新建工程,三雋營造有限公司,1121121,1121122,13樓板陽台處。,僱用勞工於13樓板陽台處從事營建施工管理等作業，高度2公尺以上開口未設置護欄、護蓋、安全網等防護設備。
642,（110建086）筑丰敦匯新建工程,偉榮工程有限公司,1121123,1121127,C28、C32、C33、C34柱。,於高差2公尺以上之工作場所邊緣及開口部分，未設置符合規定之護欄、護蓋、安全網或配掛安全帶之防墜設施。於高差超過1.5公尺以上之場所作業，未設置符合規定之安全上下設備。
643,（107建222）共同建設正義段集合住宅新建工程,賀建營造有限公司,1121124,1121127,地上4樓到8樓（含屋突層）外牆施工架。,地上4樓到8樓（含屋突層）外牆施工架未設置防墜設備。
644,「民生水資源再生中心暨下水道環境教育館新建工程」統包案,利德工程股份有限公司,1121124,,所有生物池槽地下池槽防水、EPOXY塗層作業。,發生勞工死亡職業災害。
645,（108建058）張秀蘭農舍新建工程,三財營造有限公司,1121129,1121207,全區外牆施工架。,外牆施工架開口無防護。
646,（108建173）詔安建設中山松悅新建工程,山發營造股份有限公司,1121130,1121204,全區外牆施工架。,全區外牆施工架未設置防墜設備。
647,（112拆022）大直金泰案舊有地上建築物拆除工程,大陸工程股份有限公司,1121201,1121212,地下1樓到地下4樓南側車道管道間。,地下1樓到地下4樓南側車道管道間未設置防墜設備。
648,（110建032）三軍總醫院松山分院航空醫學大樓新建統包工程,世久營造探勘工程股份有限公司,1121205,1121211,醫學大樓外牆施工架。,於高差2公尺以上之工作場所邊緣及開口部分，未設置符合規定之護欄、護蓋、安全網或配掛安全帶之防墜設施。
649,（111建006）奇岩-天綺新建工程,東明營造有限公司,1121205,1121207,全區外牆施工架。,全區外牆施工架於高差2公尺以上開口部分未防護。
650,（108建111）GWT宏築信義集合住宅新建工程,瑞助營造股份有限公司,1121208,1121218,全區2樓鋼梁、A棟2樓鋼梁。,2樓鋼梁開口未設防護。A棟2樓鋼梁未設安全上下設備。
651,（109建003）信義永吉段住宅新建工程,富麗營造股份有限公司,1121209,1121226,外牆施工架。,外牆施工架開口無防護。
652,（112拆095）恆合中山中山段112-0095號拆除工程,恆合營造有限公司,1121212,1121227,外牆竹架。,外牆竹架未設置防墜設備。
653,（110建309）文心靜靜新建工程,亞記營造工程股份有限公司,1121212,1121218,全區施工架。,於高差2公尺以上之工作場所邊緣及開口部分，未設置符合規定之護欄、護蓋、安全網或配掛安全帶之防墜設施。
654,（111建253）111建字第0253號新建工程,元昱營造有限公司,1121212,1121225,外牆施工架。,外牆施工架開口無防護。外牆施工架未設安全上下設備。
655,（110建181）品宣建設有限公司集合住宅新建工程,瑞恆營造股份有限公司,1121215,1130104,停車升降道之施工架。,於高差2公尺以上之工作場所邊緣及開口部分，未設置符合規定之護欄、護蓋、安全網或配掛安全帶之防墜設施。
656,（108建246）108建字第0246號新建工程,森碁營造有限公司,1121218,1121229,北側樓梯。,於高差2公尺以上之工作場所邊緣及開口部分，未設置符合規定之護欄、護蓋、安全網或配掛安全帶之防墜設施。
657,「大直營區綜合大樓新建工程」統包工程,森業營造股份有限公司,1121219,1121222,大直營區綜合大樓A棟中庭、外牆施工架，B棟吊料口、外牆施工架。,2公尺以上之工作場所邊緣及開口部分，未設置符合規定之護欄、護蓋、安全網或配掛安全帶之防墜設施。
658,（110建241）宏錩建設舊宗段48-10地號新建工程,億東營造股份有限公司,1121222,1121226,全區施工架。,於高差2公尺以上之工作場所邊緣及開口部分，未設置符合規定之護欄、護蓋、安全網或配掛安全帶之防墜設施。
659,（110建139）敦仰集合住宅大樓新建工程,華熊營造股份有限公司,1121225,1130104,2樓樓板。,於高差2公尺以上之工作場所邊緣及開口部分，未設置符合規定之護欄、護蓋、安全網或配掛安全帶之防墜設施。
660,（112建130）上城捷座集合住宅裝修工程案,築地實業有限公司,1121229,1130104,全區外牆施工架。,僱用勞工於全區外牆施工架從事組架等作業，高度2公尺以上開口未設置護欄、安全網等防護設備。
661,（109建101）和歌誠美新建工程,上承營造股份有限公司,1121229,1130105,11樓至屋突3樓外牆施工架。,於高差2公尺以上之工作場所邊緣及開口部分，未設置符合規定之護欄、護蓋、安全網或配掛安全帶之防墜設施。
662,（112拆022）大直金泰案舊有地上建築物拆除工程,大陸工程股份有限公司,1121201,1121212,地下1樓到地下4樓南側車道管道間。,地下1樓到地下4樓南側車道管道間未設置防墜設備。
663,（110建032）三軍總醫院松山分院航空醫學大樓新建統包工程,世久營造探勘工程股份有限公司,1121205,1121211,醫學大樓外牆施工架。,於高差2公尺以上之工作場所邊緣及開口部分，未設置符合規定之護欄、護蓋、安全網或配掛安全帶之防墜設施。
664,（111建006）奇岩-天綺新建工程,東明營造有限公司,1121205,1121207,全區外牆施工架。,全區外牆施工架於高差2公尺以上開口部分未防護。
665,（108建111）GWT宏築信義集合住宅新建工程,瑞助營造股份有限公司,1121208,1121218,"""全區2樓鋼梁。A棟2樓鋼梁。""","""2樓鋼梁開口未設防護。A棟2樓鋼梁未設安全上下設備。"""
666,（109建003）信義永吉段住宅新建工程,富麗營造股份有限公司,1121209,1121226,外牆施工架。,外牆施工架開口無防護。
667,（112拆095）恆合中山中山段112-0095號拆除工程,恆合營造有限公司,1121212,1121227,外牆竹架。,外牆竹架未設置防墜設備。
668,（111建253）111建字第0253號新建工程,元昱營造有限公司,1121212,1121225,外牆施工架。,"""外牆施工架開口無防護。外牆施工架未設安全上下設備。"""
669,（110建309）文心靜靜新建工程,亞記營造工程股份有限公司,1121212,1121218,全區施工架。,於高差2公尺以上之工作場所邊緣及開口部分，未設置符合規定之護欄、護蓋、安全網或配掛安全帶之防墜設施。
670,（110建181）品宣建設有限公司集合住宅新建工程,瑞恆營造股份有限公司,1121215,1130104,停車升降道之施工架。,於高差2公尺以上之工作場所邊緣及開口部分，未設置符合規定之護欄、護蓋、安全網或配掛安全帶之防墜設施。
671,（108建246）108建字第0246號新建工程,森碁營造有限公司,1121218,1121229,北側樓梯。,於高差2公尺以上之工作場所邊緣及開口部分，未設置符合規定之護欄、護蓋、安全網或配掛安全帶之防墜設施。
672,「大直營區綜合大樓新建工程」統包工程,森業營造股份有限公司,1121219,1121222,大直營區綜合大樓A棟中庭、外牆施工架，B棟吊料口、外牆施工架。,於高差2公尺以上之工作場所邊緣及開口部分，未設置符合規定之護欄、護蓋、安全網或配掛安全帶之防墜設施。
673,（110建241）宏錩建設舊宗段48-10地號新建工程,億東營造股份有限公司,1121222,1121226,全區施工架。,於高差2公尺以上之工作場所邊緣及開口部分，未設置符合規定之護欄、護蓋、安全網或配掛安全帶之防墜設施。
674,（110建139）敦仰集合住宅大樓新建工程,華熊營造股份有限公司,1121225,1130104,2樓樓板。,於高差2公尺以上之工作場所邊緣及開口部分，未設置符合規定之護欄、護蓋、安全網或配掛安全帶之防墜設施。
675,（109建101）和歌誠美新建工程,上承營造股份有限公司,1121229,1130105,11樓至屋突3樓外牆施工架。,於高差2公尺以上之工作場所邊緣及開口部分，未設置符合規定之護欄、護蓋、安全網或配掛安全帶之防墜設施。
676,（112建130）上城捷座集合住宅裝修工程案,築地實業有限公司,1121229,1130104,全區外牆施工架。,僱用勞工於全區外牆施工架從事組架等作業，高度2公尺以上開口未設置護欄、安全網等防護設備。
677,（108建111）GWT宏築信義集合住宅新建工程,瑞助營造股份有限公司,1130101,1130104,B棟、C棟9樓連接處。,於高差2公尺以上之工作場所邊緣及開口部分，未設置符合規定之護欄、護蓋、安全網或配掛安全帶之防墜設施。
678,大道東A4-5F住宅案,雅屋空間設計有限公司,1130102,,臺北市內湖區新明路458號5樓之2（大道東A4-5F住宅案）木工作業。,於通風不充分之室內作業場所未設置局部排氣裝置或整體換氣裝置，且未提供輸氣管面罩供勞工確實配戴使用。
679,（110建341）臺北市信義區松信社會住宅新建工程,優寶營造有限公司,1130103,1130105,構臺及第1層安全支撐。,構臺及第1層安全支撐開口無防護。
680,（110建257）臺北市信義區三興段一小段972地號等9筆土地公辦都市更新案新建工程,億東營造股份有限公司,1130108,1130111,9樓。,9樓梁模開口無防護。
681,（110建249）悅己誠群新建工程,昶明營造股份有限公司,1130109,1130126,外牆施工架。,於高差2公尺以上之工作場所邊緣及開口部分，未設置符合規定之護欄、護蓋、安全網或配掛安全帶之防墜設施。
682,（112拆118）吳興街336巷5號至21號房屋拆除工程,邑格營造有限公司,1130112,1130202,外牆施工架。,"""外牆施工架開口無防護。外牆施工架未設安全上下設備。"""
683,（109建188）最大直集合住宅新建工程,大陸工程股份有限公司,1130115,1130118,19至20樓外牆施工架。,19至20樓外牆施工架未設防護。
684,（108建208）敦南琴朗新建工程,東生營造股份有限公司,1130115,1130201,對於高度2公尺以上之15樓至屋突2樓室內樓梯間開口。15樓至屋突2樓室內樓梯間。,僱用勞工於15樓至屋突2樓室內樓梯間場所從事營建施工管理等作業，高度2公尺以上之開口未設置護欄、護蓋、安全網等防護設備。
685,（108建101）108建字第0101號新建工程,天誠營造股份有限公司,1130115,1130129,全區施工架。,於高差2公尺以上之工作場所邊緣及開口部分，未設置符合規定之護欄、護蓋、安全網或配掛安全帶之防墜設施。
686,（109建212）忠泰建設木新路案集合住宅新建工程,忠泰營造股份有限公司,1130115,1130119,東側21至23樓外牆施工架。,僱用勞工於東側21至23樓外牆施工架從事營建施工管理作業，高度超過2公尺以上未設置護欄、護蓋或安全網等防護設備。
687,（109建271）立樺建設石牌住宅新建工程,地樺營造事業股份有限公司,1130115,1130118,本工地12樓至21樓陽台區。,本工地12樓至21樓陽台區屬高差2公尺以上之工作場所邊緣及開口部分，未設置符合規定之護欄、護蓋、安全網或配掛安全帶之防墜設施。
688,（109建220）德悅建設陽明段集合住宅新建工程,春越營造股份有限公司,1130116,1130124,全區外牆施工架。,僱用勞工於全區外牆施工架從事營建施工管理等作業，高度2公尺以上開口未設置護欄、安全網等防護設備。
689,（110建130）泉聯建設北投三合段集合住宅新建工程,永碁營造股份有限公司,1130116,1130201,外牆施工架。,外牆施工架開口無防護。
690,（110建025）綠水湛新建工程,弘原營造有限公司,1130117,1130123,全區外牆施工架。,僱用勞工於全區外牆施工架從事營建施工管理等作業，高度2公尺以上開口未設置護欄、安全網等防護設備。
691,（111建061）文德段住宅新建工程,久舜營造股份有限公司,1130117,1130124,西北角隅開挖邊坡。,西北角隅開挖邊坡未設擋土支撐、邊坡保護或張設防護網。
692,（105建205）永陞鳳翎新建工程,炬曄營造股份有限公司,1130123,1130129,屋突外牆施工架、1樓挑空區第四層施工架。,屋突外牆施工架、1樓挑空區第四層施工架開口部分未防護。
693,（110建067）台北市士林區永新一小段住宅大樓新建工程,銘倫營造股份有限公司,1130202,1130206,2樓至6樓外牆施工架。,僱用勞工於2樓至6樓外牆施工架從事營建施工管理等作業，高度2公尺以上開口未設置護欄、安全網等防護設備。
694,（112變使（准）字第0022號）台北市信義區60使用字第0541號外牆修繕變更使用案工程,森業營造股份有限公司,1130202,1130216,外牆施工架。,外牆施工架開口無防護。
695,（109建211）台北市信義區犁和段三小段0240-0001地號新建工程,金盟營造有限公司,1130207,1130305,外牆施工架。,外牆施工架開口無防護。
696,都一處有限公司,都一處有限公司,1130217,1130315,地下一樓使用炭火烹煮食物。,經四用氣體偵測器測得一氧化碳濃度46ppm。
697,南一外牆拉皮工程,詮嘉營造股份有限公司,1130217,1130223,全區外牆施工架。,全區外牆施工架未設防護。
698,（112雜039）信義嘉年B棟電梯增建工程,康統營造有限公司,1130217,1130227,外牆施工架。,外牆施工架開口無防護。
699,（108建111）GWT宏築信義集合住宅新建工程,瑞助營造股份有限公司,1130219,1130304,A棟1樓挑高區施工平臺。,A棟1樓挑高區施工平臺開口無防護。
700,（109建227）士林開發陽明致遠集合住宅新建工程,安住營造股份有限公司,1130219,1130221,本工地全區外牆施工架立即停工改善。,於高差2公尺以上之工作場所（全區外牆施工架）邊緣及開口部分，未設置符合規定之護欄、護蓋、安全網或配掛安全帶之防墜設施。
701,萬華區昆明街28巷6號4樓防水工程,大江國際工程有限公司,1130222,1130321,4樓屋頂。,於4樓屋頂從事防水作業，勞工有墜落、滾落之虞者未應採取適當安全措施。於4樓鐵皮屋頂從事防水時，未設置適當強度，且寬度在30公分以上之踏板，未於下方適當範圍裝設堅固格柵或安全網等防墜設施。
702,（111建088）祥雲居新建工程,和輝營造有限公司,1130223,1130226,地下1樓至地上4樓樓梯及外牆施工架。,地下1樓至地上4樓樓梯及外牆施工架開口無防護。
703,（112建127）（111雜006）慶城福華住宅大樓新建工程,大陸工程股份有限公司,1130224,1130419,工區內慶城街側。,工區內發生崩塌。
704,（109建281）松德88住宅大樓新建工程,統營營造股份有限公司,1130227,1130301,外牆施工架、12樓板。,外牆施工架、12樓板開口無防護。
705,（109建056）家居雲邸新建工程,家居建設股份有限公司,1130229,1130313,工地1樓至19至屋突3樓樓梯。,於高差2公尺以上之工作場所邊緣及開口部分，未設置符合規定之護欄、護蓋、安全網或配掛安全帶之防墜設施。
706,煒盛環科股份有限公司,煒盛環科股份有限公司,1130303,1130430,迪化汙水廠之二級沈澱池5號池。,發生勞工溺斃致死職業災害。
707,（110建157）晶鑽集合住宅新建工程,弘原營造有限公司,1130304,1130305,2樓板四周、樓梯。,於高差2公尺以上之工作場所（2樓板四周、樓梯）邊緣及開口部分，未設置符合規定之護欄、護蓋、安全網或配掛安全帶之防墜設施。
708,（109建233）璞真合和案住宅大樓新建工程,辰豐營造股份有限公司,1130304,1130409,全區施工架。,發生勞工死亡職業災害。
709,（110建049）輝昇地產開發大樓新建工程,崧驊營造有限公司,1130307,1130313,地上5樓到8樓外牆施工架、地上6樓到7樓管道間及樓梯。,地上5樓到8樓外牆施工架、地上6樓到7樓管道間及樓梯未設置防墜設備。
710,（110建081）和邦羅斯芙集合住宅新建工程,峻榮營造工程股份有限公司,1130312,1130314,外牆施工架。,僱用勞工於外牆施工架從事營建施工管理作業，高度超過2公尺以上未設置護欄、護蓋或安全網等防護設備。
711,（109建219）中正城閱新建工程,松禾營造股份有限公司,1130314,1130318,地上7樓至10樓外牆施工架。,地上7樓至10樓外牆施工架未設置防墜設備。
712,（110建085）臺北市中正區河堤段住宅大樓新建工程,樹盛營造股份有限公司,1130318,1130328,乙梯1樓至9樓樓梯。,於高差2公尺以上之工作場所邊緣及開口部分，未設置符合規定之護欄、護蓋、安全網或配掛安全帶之防墜設施。
713,（108建157）公園大院-樂活館新建工程,合聯營造股份有限公司,1130319,1130321,本工地2樓至7樓外牆施工架。,於高差2公尺以上之工作場所（本工地2樓至7樓外牆施工架）邊緣及開口部分，未設置符合規定之護欄、護蓋、安全網或配掛安全帶之防墜設施。
714,三橋建設正義段案樣品屋工程,劉江厚（即聯政工程行）,1130321,1130411,全區鋼構工程。,全區鋼構工程未設防護。全區鋼構工程未設安全上下設備。
715,（107建232）臺北市南港區經貿段15地號土地地上權案總包工程,榮工工程股份有限公司,1130321,1130326,1樓3區通風口。,1樓3區通風口開口部分未防護。
716,（108建102）萬華區龍山段集合住宅新建工程,萬鈞營造有限公司,1130326,1130401,全區外牆施工架、地上2樓到9樓管道間、地上7樓到9樓甲梯及乙梯。,全區外牆施工架、地上2樓到9樓管道間、地上7樓到9樓甲梯及乙梯未設置防墜設備。
717,（110建110）廣錄開發建設臨沂案大樓新建工程,豐興營造工程有限公司,1130326,1130328,3樓到4樓樓梯間及4樓板。,於高差2公尺以上之工作場所邊緣及開口部分，未設置符合規定之護欄、護蓋、安全網或配掛安全帶之防墜設施。
718,（109建003）信義永吉段住宅新建工程,富麗營造股份有限公司,1130327,1130410,外牆施工架。,外牆施工架開口無防護。
719,A16影城騎樓上方增建及戶外安全梯補強工程,青馬營造股份有限公司,1130328,1130401,全區外牆施工架。,外牆施工架開口無防護。
720,圓山富璟案房屋銷售案之接待中心拆除工程,川普工程有限公司,1130330,,樣品屋。,發生勞工勞工死亡職業災害。
721,「大直營區綜合大樓新建工程」統包工程,森業營造股份有限公司,1130401,1130406,A棟A梯。,A棟A梯開口高度超過2公尺以上，未設置符合規定之護欄、護蓋、安全網或配掛安全帶之防墜設施。
722,（108建228）吳興街600巷信義文華新建工程,達欣工程股份有限公司,1130401,1130426,2至13樓陽臺。,2至13樓陽臺開口無防護。
723,（109建048）新潤建設中山區長春段集合住宅新建工程,揚潤營造股份有限公司,1130401,1130408,屋突1、2樓南側。,於高差2公尺以上之工作場所邊緣及開口部分，未設置符合規定之護欄、護蓋、安全網或配掛安全帶之防墜設施。
724,（110建265）天成河悅案大樓新建工程,仲城建築股份有限公司,1130415,1130424,工區9樓梯間及管道間。,於高差2公尺以上之工作場所邊緣及開口部分，未設置符合規定之護欄、護蓋、安全網或配掛安全帶之防墜設施。
725,（110建373）臺北市士林區天母段集合住宅新建工程,松旭營造股份有限公司,1130422,1130423,7樓板。,僱用勞工於7樓板從事營建施工管理等作業，高度2公尺以上開口未設置護欄、安全網等防護設備。
726,忠孝東路5段803號外牆格柵及雨遮拆除工程,文愷室內裝修有限公司,1130429,1130503,地上2樓格柵。,於工區地上2樓從事外牆格柵拆除作業，高差超過1.5公尺以上，未設置符合規定之安全上下設備。
727,（111建006）奇岩-天綺新建工程,東明營造有限公司,1130430,1130503,全區外牆施工架。,於高差2公尺以上全區外牆施工架等工作場所邊緣及開口部分，未設置符合規定之護欄、護蓋、安全網或配掛安全帶之防墜設施。
728,（111建308）（111建300）臺北市西區門戶計畫臺北車站特定專用區C1／D1（東半街廓）土地開發案新建工程,華熊營造股份有限公司,1130508,1130514,D棟3樓東側。,對於工區D棟3樓東側有油類等危險物存在之虞之油桶等容器，從事熔接、熔斷有發生火花之虞之電焊作業，未事先清除該物質並確認無危險之虞。
729,（112變使（准）053）蘭雅老舊建物整修工程,久大營造股份有限公司,1130515,1130522,外牆施工架及電梯梯廳。,於高差2公尺以上之工作場所邊緣及開口部分，未設置符合規定之護欄、護蓋、安全網或配掛安全帶之防墜設施。
730,臺北市歷史建築草山派出所修復工程,笙原營造有限公司,1130515,1130520,2樓板。,2樓板開口高度超過2公尺以上，未設置符合規定之護欄、護蓋、安全網或配掛安全帶之防墜設施。
731,（111建126）樂揚知森建築暨機電工程,辰豐營造股份有限公司,1130520,1130522,2樓板四周及電梯直井。,於高差2公尺以上之工作場所（2樓板四周及電梯直井）邊緣及開口部分，未設置符合規定之護欄、護蓋、安全網或配掛安全帶之防墜設施。
732,（109建273）松達土地開發內湖區西湖段策略性產業新建工程,駿朋營造股份有限公司,1130520,,全工區（工務所除外）。,發生勞工死亡職業災害。
733,（108雜037）（105建103）南榮世界明珠開發案新建工程,中鹿營造股份有限公司,1130521,1130529,E棟19樓。,發生再承攬人廣隆興業有限公司所僱勞工陳勝德受傷職業災害案。
734,（110建277）策略性產業大樓新建工程,台鼎營造工程股份有限公司,1130522,1130528,外牆施工架。,外牆施工架未設置防墜設備。
735,（111建006）奇岩-天綺新建工程,東明營造有限公司,1130528,1130531,南側外牆施工架及陽台、1樓至地下1樓樓梯。,僱用勞工於南側外牆施工架及陽台、1樓至地下1樓樓梯從事營建施工管理等作業，高度2公尺以上開口未設置護欄、護蓋、安全網等防護設備。
736,士林區中庸一路16巷4弄4號防水工程,福岡工程有限公司,1130528,1130607,1樓施工架。,雇用勞工於1樓施工架從事防水作業，高差超過1.5公尺以上未設置安全上下設備。
737,士林區中庸一路16巷4弄4號防水工程,福岡工程有限公司,1130528,1130607,1樓施工架。,雇用勞工於1樓施工架從事防水作業，高差超過1.5公尺以上未設置安全上下設備。
738,（110建046）合眾建築經理股份有限公司新建工程,台灣松下營造股份有限公司,1130601,1130611,4至14樓外牆施工架。,4至14樓外牆施工架未設防護。
739,（110建268）哈密街危老案住宅新建工程,全城營造廠有限公司,1130604,1130612,全區外牆施工架。,於高差2公尺以上之工作場所邊緣及開口部分，未設置符合規定之護欄、護蓋、安全網或配掛安全帶之防墜設施。
740,士林區社中街379號4樓頂加屋頂修繕工程,陳志達（即吉連興工程行）,1130604,1130614,4樓頂加屋頂。,於高差2公尺以上之工作場所邊緣及開口部分（4樓頂加屋頂未設防墜設施。），未設置符合規定之護欄、護蓋、安全網或配掛安全帶之防墜設施。
741,臺北市立聯合醫院（松德院區）,臺北市立聯合醫院（松德院區）,1130605,1130703,2公尺以上高處清潔、樹木修剪作業。,使承攬人勞工從事2公尺以上樹木修剪作業，發生墜落災害。
742,（111建087）信義兒福B1-1公辦都更案新建工程,金弘承營造股份有限公司,1130609,1130612,13樓。,13樓梁模及板模開口無防護。
743,林妹玉（即洋庭坊）,林妹玉（即洋庭坊）,1130611,1130819,臺北市中正區南陽街15之2號1樓廚房。,事業單位於113年6月3日9時30分許，勞工於廚房更換瓦斯過程中，瓦斯外洩並接觸到一旁煮麵機之火源，造成閃燃，導致現場三名勞工面積不等的燒灼傷。
744,（113拆012）北投區中央里中央南路1段130巷31弄1號拆除工程,森城建設股份有限公司,1130612,1130619,外牆施工架。,對於高2公尺以上之開口部分（外牆施工架）從事營建施工管理等作業，勞工有墜落之虞者，未於該處設置護欄、護蓋、安全網等防護設備。
745,空軍K001營區統包工程,天泰工程有限公司,1130612,1130617,4、5樓。,於高差2公尺以上之工作場所邊緣及開口部分，未設置符合規定之護欄、護蓋、安全網或配掛安全帶之防墜設施。
746,臺北市113年度屋頂防水統包工程（第七群）工程,台灣南海股份有限公司,1130614,1130619,明德樓及新民樓屋頂。,於高差2公尺以上之工作場所邊緣及開口部分，未設置符合規定之護欄、護蓋、安全網或配掛安全帶之防墜設施。
747,國家生技研究園區聯外道路工程,福清營造股份有限公司,1130617,1130619,北側鋼模及施工架。,北側鋼模高度超過2公尺以上，未設置護欄、護蓋、安全網等防護設備，另北側鋼模下方施工架高差超過1.5公尺以上未設置安全上下設備。
748,（109建101）和歌誠美新建工程,上承營造股份有限公司,1130620,1130625,3至15樓外牆施工架。,3至15樓外牆施工架未設防護。
749,（110建367）台北市士林區中山北路6段441巷41號新建工程,嘉泰營造股份有限公司,1130620,1130621,2樓。,於高差2公尺以上之工作場所（2樓板）邊緣及開口部分，未設置符合規定之護欄、護蓋、安全網或配掛安全帶之防墜設施。
750,（109建019）（曉南門）集合住宅新建工程,春輝營造股份有限公司,1130622,1130624,全區外牆施工架。,僱用勞工於全區外牆施工架從事營建施工管理等作業，高度2公尺以上開口未設置護欄、安全網等防護設備。
751,中山區四平街46號4樓及頂加修繕工程,盈力讚企業有限公司,1130623,1130712,4樓陽臺。,僱用勞工於4樓陽台從事拆除作業，高度超過2公尺以上未設置護欄、護蓋或安全網等防護設備。
752,（110建263）金慶實業林森北路案新建工程,台灣松下營造股份有限公司,1130629,1130705,全區外牆施工架。,僱用勞工於全區外牆施工架從事營建施工管理等作業，高度2公尺以上開口未設置護欄、護蓋、安全網等防護設備。
753,（111建162）廣宇江南案新建工程,同興營造工程股份有限公司,1130630,1130702,4樓板。,於高差2公尺以上之工作場所邊緣及開口部分，未設置符合規定之護欄、護蓋、安全網或配掛安全帶之防墜設施。
754,（110建078）金矽谷26期新建工程,建坤營造事業股份有限公司,1130704,1130711,全區外牆施工架。,於高差2公尺以上之工作場所邊緣及開口部分，未設置符合規定之護欄、護蓋、安全網或配掛安全帶之防墜設施。
755,（110建213）舊宗段辦公大樓新建工程,友聯建築股份有限公司,1130704,1130715,中庭3至8樓施工架。,於高差2尺以上之工作場所邊緣及開口部分，未設置符合規定之護欄、護蓋、安全網或配掛安全帶之防墜設施。
756,（109建111）全陽建設全陽豐會新建工程,久和營造工程股份有限公司,1130705,1130709,本工地全區外牆施工架。,於高差2公尺以上之工作場所（全區外牆施工架）邊緣及開口部分，未設置符合規定之護欄、護蓋、安全網或配掛安全帶之防墜設施。
757,（108建110）朋記建設溫泉段集合住宅新建大樓工程,將煌國際開發有限公司,1130708,1130709,全區外牆施工架。,於高差2公尺以上之工作場所邊緣及開口部分，未設置符合規定之護欄、護蓋、安全網或配掛安全帶之防墜設施。
758,（108建157）公園大院-樂活館新建工程,合聯營造股份有限公司,1130709,1130711,全區外牆施工架。,僱用勞工於全區外牆施工架從事營建施工管理等作業，高度2公尺以上開口未設置護欄、護蓋、安全網等防護設備。
759,（109建233）璞真合和案住宅大樓新建工程,辰豐營造股份有限公司,1130710,1130711,外牆施工架。,僱用勞工於外牆施工架從事營建施工管理作業，高度超過2公尺以上未設置護欄、護蓋或安全網等防護設備。
760,（110建292）友座安森新建工程,嘉大營造股份有限公司,1130710,1130717,外牆施工架。,僱用勞工於外牆施工架從事營建施工管理作業，高度超過2公尺以上未設置護欄、護蓋或安全網等防護設備。
761,113年度萬芳高中、松山工農、永春高中、興隆國小、三興國小等5校聯合發包校舍屋頂防水統包工程,鈺山營造有限公司,1130711,1130718,信義樓屋頂。,信義樓屋頂開口部分未防護。
762,元鯕股份有限公司,元鯕股份有限公司,1130715,1130812,閣樓夾層。,發生勞工墜落受傷。
763,臺北市信義區興雅國民小學113年度仁愛樓外牆防水整修工程,淺羽營造股份有限公司,1130715,1130718,外牆施工架。,外牆施工架開口無防護。
764,（112建288）信義區雅祥段住宅新建工程,金弘承營造股份有限公司,1130715,1130719,外牆施工架。,外牆施工架開口無防護。
765,（107建150）古京建設住宅新建工程,九旺營造股份有限公司,1130715,1130718,5樓電梯直井開口。,僱用勞工於5樓電梯直井開口從事營建施工管理等作業，高度2公尺以上開口未設置護欄、護蓋、安全網等防護設備。
766,大業段樣品屋裝修工程,田田室內裝修工程有限公司,1130717,1130729,2樓外推平臺。,僱用勞工於2樓外推平臺從事營建裝修施工管理等作業，高度2公尺以上開口未設置護欄、安全網等防護設備。
767,圓山諾貝爾大廈外牆修繕工程,永興勝營造有限公司,1130720,1130722,外牆施工架（含鋼梁）。,外牆施工架開口無防護。
768,（112建196）松山區敦化段5小段21地號等2筆地號集合住宅新建工程,璞承營造股份有限公司,1130720,1130801,2樓、3樓樓板及全區棄土坑。,於高差2公尺以上之工作場所（2樓、3樓樓板及全區棄土坑）邊緣及開口部分，未設置符合規定之護欄、護蓋、安全網或配掛安全帶之防墜設施。
769,（112建049）112建字第0049號新建工程,豐利富營造股份有限公司,1130722,1130731,1樓到2樓樓梯、外牆施工架及2樓南側。,對於高2公尺以上之開口部分（1樓到2樓樓梯、外牆施工架及2樓南側）從事營建施工管理等作業，勞工有墜落之虞者，未於該處設置護欄、護蓋、安全網等防護設備。
770,（110建173）北投區桃源段四小段0159地號等4筆新建工程,豪豐營造股份有限公司,1130722,1130729,全區外牆施工架。,僱用勞工於全區外牆施工架從事營建施工管理等作業，高度2公尺以上開口未設置護欄、安全網等防護設備。
771,（110建341）臺北市信義區松信社會住宅新建工程,優寶營造有限公司,1130729,1130731,南側連續壁頂部。,南側連續壁頂部開口無防護。
772,（110建008）璞億丹陽案集合住宅新建工程,璞承營造股份有限公司,1130730,1130805,工地南側4樓至11樓施工架。,於高差2尺以上之工作場所邊緣及開口部分，未設置符合規定之護欄、護蓋、安全網或配掛安全帶之防墜設施。
773,（109建038）贊暘建設臥龍街新建工程,成功營建股份有限公司,1130805,1130819,外牆施工架。,僱用勞工於外牆施工架從事營建施工管理作業，高度超過2公尺以上未設置護欄、護蓋或安全網等防護設備。
774,（110建181）品宣建設有限公司集合住宅新建工程,瑞恆營造股份有限公司,1130807,1130819,全區外牆施工架。,於高差2公尺以上之工作場所邊緣及開口部分，未設置符合規定之護欄、護蓋、安全網或配掛安全帶之防墜設施。
775,（109建285）台北市松山區寶清段新建工程,呈居營造股份有限公司,1130807,1130808,地上2樓樓板。,地上2樓樓板未設置防墜設備。
776,（110建067）台北市士林區永新一小段住宅大樓新建工程,廖恆毅（即宏?工程行）,1130807,1130808,外牆施工架。,對於高2公尺以上之開口部分（外牆施工架）從事營建施工管理等作業，勞工有墜落之虞者，未於該處設置護欄、護蓋、安全網等防護設備。
777,（110建239）璞玥集合住宅新建工程,翊豐營造股份有限公司,1130807,1130814,12至13樓外牆施工架。,12至13樓外牆施工架未設防護。
778,（109建293）臺北市大同區大龍段二小段集合住宅新建工程,田茂營造事業有限公司,1130808,1130819,全區外牆施工架。,於高差2公尺以上之工作場所邊緣及開口部分，未設置符合規定之護欄、護蓋、安全網或配掛安全帶之防墜設施。
779,（109建170）臺北市立大安高級工業學校新建綜合教學大樓工程,日富營造股份有限公司,1130809,1130821,北側4至5樓外牆施工架,僱用勞工於北側4至5樓外牆施工架從事營建施工管理作業，高度超過2公尺以上未設置護欄、護蓋或安全網等防護設備。
780,（107建200）美邦開發建設台北市內湖區石潭段三小段集合住宅新建工程,吉宗營造股份有限公司,1130813,1130820,全區外牆施工架。,於高差2公尺以上之工作場所邊緣及開口部分，未設置符合規定之護欄、護蓋、安全網或配掛安全帶之防墜設施。
781,（107建150）古京建設住宅新建工程,九旺營造股份有限公司,1130814,1130820,全區外牆施工架。,僱用勞工於全區外牆施工架從事營建施工管理等作業，高度2公尺以上開口未設置護欄、護蓋、安全網等防護設備。
782,（113拆021）臺北市信義區福德國民小學113年度四維樓拆除工程,邦興營造有限公司,1130814,1130919,全工區（工務所除外）。,發生勞工墜落職業災害。
783,（109建101）和歌誠美新建工程,上承營造股份有限公司,1130818,1130820,全區施工架（含天井區）。,於高差2公尺以上之工作場所（全區施工架（含天井區））邊緣及開口部分，未設置符合規定之護欄、護蓋、安全網或配掛安全帶之防墜設施。
784,（110建017）110建字第017號新建工程,優寶營造有限公司,1130822,1130828,工地10至11樓外牆施工架。,工地10至11樓外牆施工架未設防護。
785,楊芳英（即強記廣東小食館）,楊芳英（即強記廣東小食館）,1130821,1131011,臺北市大安區大安路1段203號1樓廚房。,發生火災造勞工三人燒灼傷。
786,（112雜050）忠孝東路5段295巷6弄26號電梯增建工程,康統營造有限公司,1130826,1130902,2至6樓鋼承板。,2至6樓鋼承板開口無防護。
787,（111建302）信義麗心集合住宅新建工程,合聯營造股份有限公司,1130826,1130901,1樓。,1樓板開口無防護。
788,（110建135）中山逸品住宅新建工程,首鋼營造股份有限公司,1130826,1130828,全區外牆施工架。,於高差2公尺以上之工作場所邊緣及開口部分，未設置符合規定之護欄、護蓋、安全網或配掛安全帶之防墜設施。
789,（110建216）元大人壽松江大樓新建工程（北基地）,麗珍風管有限公司,1130821,1130826,地下1樓茶水間。,於地下1樓茶水間使用合梯從事2公尺以上風管作業。
790,（109建271）立樺建設石牌住宅新建工程,地樺營造事業股份有限公司,1130827,1130829,A棟外牆施工架。,僱用勞工於A棟外牆施工架從事營建施工管理等作業，高度2公尺以上開口未設置護欄、護蓋、安全網等防護設備。
791,112年度臺北市道路、橋涵興建及改善工程開口契約（第1標）,永溢營造股份有限公司,1130828,1130830,堤內電梯基坑。,高差2公尺以上之工作場所邊緣及開口部分，未設置符合規定之護欄、護蓋、安全網或配掛安全帶之防墜設施。
792,（108建111）GWT宏築信義集合住宅新建工程,大陸工程股份有限公司,1130830,1130904,A棟8、9、11樓,A棟8樓電梯、A棟9樓管道及A棟11樓電梯及管道開口無防護。
793,（108建111）GWT宏築信義集合住宅新建工程,瑞助營造股份有限公司,1130830,1130904,A棟8、9樓、11樓。,A棟8樓電梯、A棟9樓管道及A棟11樓電梯及管道開口無防護。
794,（107建245）山岳開發建設房屋新建工程,欣建營造股份有限公司,1130826,1131227,除工務所以外之全部工區（改善作業及緊急應變除外）。,發生勞工死亡職業災害。
795,（108建212）高群大安文樺新建工程,賀建營造有限公司,1130907,1140103,3樓及4樓。,3樓陽臺及4樓板開口無防護。
796,（112建013）佶鴻建設股份有限公司新建工程,昶明營造股份有限公司,1130910,1130913,地下1樓板。,於高差2公尺以上之工作場所邊緣及開口部分，未設置符合規定之護欄、護蓋、安全網或配掛安全帶之防墜設施。
797,（109建228）信義區崇德街225巷陳宗澤、陳宗仁農舍新建工程,詮嘉營造股份有限公司,1130912,1131005,全區施工架。,於高差2公尺以上之工作場所邊緣及開口部分，未設置符合規定之護欄、護蓋、安全網或配掛安全帶之防墜設施。
798,（109建226）大安區金華段一小段0298-0000共三筆地號新建工程,金盟營造有限公司,1130913,1130925,外牆施工架、5樓露臺施工架及地下2樓電梯直井施工架。,外牆施工架、5樓露臺施工架及地下2樓電梯直井施工架開口無防護。
799,（111建026）禾碩沐晴北投大業段新建工程,安正營造股份有限公司,1130913,1130918,2樓至4樓陽臺區。,僱用勞工於2樓至4樓陽台區開口部分從事營建施工管理等作業，高度2公尺以上開口未設置護欄、護蓋、安全網等防護設備。
800,（110建250）華南金資產管理股份有限公司新建工程,春越營造股份有限公司,1130914,1130918,全區外牆施工架。,於高差2公尺以上之工作場所邊緣及開口部分，未設置符合規定之護欄、護蓋、安全網或配掛安全帶之防墜設施。
801,（110建228）忠孝耑序新建工程,大陸工程股份有限公司,1130916,1130924,天井施工架、7樓鋼承板。,天井施工架、7樓鋼承板開口無防護。
802,（111建303）大安區金華段369地號新建工程,羱禾營造有限公司,1130916,1130920,全區施工架。,於高差2公尺以上之工作場所（全區施工架）邊緣及開口部分，未設置符合規定之護欄、護蓋、安全網或配掛安全帶之防墜設施。
803,（111建303）大安區金華段369地號新建工程,羱禾營造有限公司,1130916,1130920,全區施工架。,於高差超過1.5公尺以上之場所（全區施工架）作業，未設置符合規定之安全上下設備。
804,（110建107）廖瓊雲等6名住宅新建工程,紅林建設股份有限公司,1130916,1130920,8樓電梯井工作平臺。,於高差2公尺以上之工作場所邊緣及開口部分，未設置符合規定之護欄、護蓋、安全網或配掛安全帶之防墜設施。
805,（110建235）千倫實業股份有限公司新建工程,百輝營造有限公司,1130918,1130926,外牆施工架。,於高差2公尺以上之工作場所（外牆施工架）邊緣及開口部分，未設置符合規定之護欄、護蓋、安全網或配掛安全帶之防墜設施。
806,北市。摩爾投顧辦公室裝修工程,郭弘凱（即凱翔工程行）,1130918,1130927,16樓全室木工作業。,通風不充分之室內作業場所，在未設置有效之局部排氣裝置或整體換氣裝置下，未供給作業勞工輸氣管面罩或防毒面罩，並使其確實佩戴使用。
807,喜喜咖啡餐坊,喜喜咖啡餐坊,1130919,,瓦斯烤箱。,使勞工使用瓦斯烤箱進行烤杏包菇作業，經模擬作業情形測得烤箱內一氧化碳濃度已逾短時間時量平均容許濃度，未設置局部排氣裝置等設備將其排除於室外。
808,（111建247）欣聯奇岩新建工程,合聯營造股份有限公司,1130924,1131004,4樓板天井及電梯直井開口。,僱用勞工於4樓板天井及電梯直井開口從事營建施工管理等作業，高度2公尺以上開口未設置護欄、護蓋、安全網等防護設備。
809,（110建265）天成河悅案大樓新建工程,仲城建築股份有限公司,1130927,1131004,全區外牆施工架。,於高差2公尺以上之工作場所邊緣及開口部分，未設置符合規定之護欄、護蓋、安全網或配掛安全帶之防墜設施。
810,（107建095）臺北市大安區辛亥段四小段辦公大樓新建工程,龍進營造有限公司,1130927,1131004,外牆施工架、1樓室內施工架。,外牆施工架、1樓室內施工架開口無防護。
811,（111建220）新建工程,豪豐營造股份有限公司,1130928,1131004,全區外牆施工架。,僱用勞工於全區外牆施工架從事營建施工管理等作業，高度2公尺以上開口未設置護欄、安全網等防護設備。
812,臺北市大安區中央學府社區外牆整建工程,明鈴營造有限公司,1131004,1131108,南側外牆施工架。,南側外牆施工架開口無防護。
813,（108建208）敦南琴朗新建工程,東生營造股份有限公司,1131006,1131014,外牆施工架、15樓天井施工架。,外牆施工架、15樓天井施工架開口無防護。
814,（106建213）北投區三合段0057-0000地號新建工程,旺洲開發股份有限公司,1131007,1131011,天井施工架及外牆施工架。,僱用勞工於天井施工架及外牆施工架從事營建施工管理等作業，高度2公尺以上開口未設置護欄、護蓋、安全網等防護設備。
815,（110建125）台北市北投區新民段二小段468地號住宅新建工程,彩城營造有限公司,1131007,1131016,全區外牆施工架。,僱用勞工於全區外牆施工架從事營建施工管理等作業，高度2公尺以上開口未設置護欄、安全網等防護設備。
816,（111建307）新總陽建設商辦大樓新建工程,永森營造股份有限公司,1131014,1131018,1樓板、電梯直井及1至6層鋼構。,僱用勞工於1樓板、電梯直井及1至6層鋼構從事營建施工管理等作業，高度2公尺以上開口未設置護欄、護蓋、安全網等防護設備。
817,（109建287）台北市士林區天山段一小段292地號等集合住宅新建工程,立源營造股份有限公司,1131015,1131017,工地西側2至4樓外牆施工架。,工地西側2至4樓外牆施工架未設防護。
818,景興公園新建工程,富士山營造有限公司,1131015,1131023,雨水撲滿。,雨水撲滿開挖垂直深度達1.5公尺以上未設置擋土支撐、反循環樁、連續壁、邊坡保護或張設防護網之設施。
819,（109建295）濟盟建設德杰羽森-羽森琚住宅新建工程,台灣大林組營造股份有限公司,1131016,1131028,C1、C2、C5戶挑空區施工架及2號樓梯西側施工架。,於高差2公尺以上之工作場所邊緣及開口部分，未設置符合規定之護欄、護蓋、安全網或配掛安全帶之防墜設施。
820,（109建295）濟盟建設德杰羽森-羽森琚住宅新建工程,台灣大林組營造股份有限公司,1131016,1131105,C1、C2、C5戶挑空區施工架及2號樓梯西側施工架。,於高差超過1.5公尺以上之場所作業，未設置符合規定之安全上下設備。
821,（110建019）濟盟建設德杰羽森-羽森璽住宅新建工程,台灣大林組營造股份有限公司,1131016,1131028,B1、B2、B5、B6戶挑空區施工架。,於高差2公尺以上之工作場所邊緣及開口部分，未設置符合規定之護欄、護蓋、安全網或配掛安全帶之防墜設施。
822,（110建019）濟盟建設德杰羽森-羽森璽住宅新建工程,台灣大林組營造股份有限公司,1131016,1131105,B1、B2、B5、B6戶挑空區施工架。,於高差超過1.5公尺以上之場所作業，未設置符合規定之安全上下設備。
823,（108建111）GWT宏築信義集合住宅新建工程,瑞助營造股份有限公司,1131018,1131022,工區B棟9、10樓外牆施工架。,B棟9、10樓外牆施工架，未設置符合規定之護欄、護蓋、安全網或配掛安全帶之防墜設施。
824,（110建172）達永開發達永豐盛學新建工程,建坤營造事業股份有限公司,1131018,1131021,第6、7層鋼構。,僱用勞工於第6、7層鋼構從事營建施工管理等作業，高度2公尺以上開口未設置護欄、護蓋、安全網等防護設備。
825,南港國際接待中心工程,磐石設計室內裝修股份有限公司,1131021,1131028,全區外牆施工架。,於高差2公尺以上之工作場所邊緣及開口部分，未設置符合規定之護欄、護蓋、安全網或配掛安全帶之防墜設施。
826,（108建252）巴迪資產溫泉路大樓新建工程,巨盛營造股份有限公司,1131022,1131030,外牆施工架、2樓至12樓北側陽臺、6樓電梯井。,僱用勞工於外牆施工架、2樓至12樓北側陽臺、6樓電梯井從事營建施工管理等作業，高度2公尺以上開口未設置護欄、安全網等防護設備。
827,（111建303）大安區金華段369地號新建工程,羱禾營造有限公司,1131022,1131025,2樓板。,於高差2公尺以上之工作場所（2樓板）邊緣及開口部分，未設置符合規定之護欄、護蓋、安全網或配掛安全帶之防墜設施。
828,惠群大廈外牆修繕工程,磐實開發工程股份有限公司,1131023,1131024,外牆施工架。,外牆施工架未設置防墜設備。
829,德運安和都更案接待中心裝修工程,安得室內裝修工程有限公司,1131026,1131112,全區外牆施工架。,全區外牆施工架未設防護。
830,（109建281）松德88住宅大樓新建工程,弘原營造有限公司,1131029,1131108,工區1至14樓外牆施工架。,1至14樓外牆施工架，未設置符合規定之護欄、護蓋、安全網或配掛安全帶之防墜設施。
831,（110建072）臺北市信義區福德段向陽明房新建工程,大佳營造工程有限公司,1131029,1131107,工區3至5樓外牆施工架。,3至5樓外牆施工架，未設置符合規定之護欄、護蓋、安全網或配掛安全帶之防墜設施。
832,（110建212）隆遠暨富樂群光里蘊住宅新建工程,台灣舖道工程股份有限公司,1131101,1131106,8樓至13樓外牆施工架。,於高差2公尺以上之工作場所邊緣及開口部分，未設置符合規定之護欄、護蓋、安全網或配掛安全帶之防墜設施。
833,（110建092）基泰大安新建工程,福益營造股份有限公司,1131104,1131108,外牆施工架、天井施工架、8樓、2至6樓管道間。,外牆施工架、天井施工架、8樓、2至6樓管道間開口無防護。
834,（111建008）捷運圓山站西側公辦都更北基地B案新建工程,中福營造股份有限公司,1131105,1131107,7至9樓外牆施工架。,7至9樓外牆施工架開口部分未防護。
835,（110建068）永康麗莊住宅大樓新建工程,華熊營造股份有限公司,1131106,1131108,1樓移動式施工架、天井區施工架、9樓北側陽台區及16樓南側陽台區。,於高差2公尺以上之工作場所（1樓移動式施工架、天井區施工架、9樓北側陽台區及16樓南側陽台區）邊緣及開口部分，未設置符合規定之護欄、護蓋、安全網或配掛安全帶之防墜設施
836,忠勤營區綜合生活休閒運動大樓新建工程,偉大建設股份有限公司,1131107,1131108,1樓模板。,於高差2公尺以上之工作場所邊緣及開口部分，未設置符合規定之護欄、護蓋、安全網或配掛安全帶之防墜設施。
837,（111建126）樂揚知森建築暨機電工程,辰豐營造股份有限公司,1131108,1131118,外牆施工架。,外牆施工架開口無防護。
838,（110建041）德謙驛集合住宅新建工程,大億營造有限公司,1131108,1131112,屋突外牆施工架。,僱用勞工於屋突外牆施工架從事營建施工管理作業，高度超過2公尺以上未設置護欄、護蓋或安全網等防護設備。
839,（110建137）亞昕敦南案住宅大樓新建工程,國原營造股份有限公司,1131109,1131115,11樓。,11樓開口無防護。
840,（110建155）台北市大安區學府段一小段52等7筆地號危老重建工程,久佳營造工程股份有限公司,1131109,1131118,天井施工架。,天井施工架開口無防護。天井施工架未設安全上下設備。
841,113年度公園公廁改善工程（B項）,鼎上營造有限公司,1131112,1131114,1樓施工架。,1樓施工架未設置能使勞工安全上下之設備。
842,（108建106）興富發建設北投大業段集合住宅新建工程,齊裕營造股份有限公司,1131112,1131115,東側外牆施工架、16樓板管道開口。,僱用勞工於東側外牆施工架、16樓板管道開口從事營建施工管理等作業，高度2公尺以上開口未設置護欄、護蓋、安全網等防護設備。
843,（111建318）宸泓建設-松江「ONE」住宅新建工程,力大營造股份有限公司,1131113,1131115,地上1樓往地下1樓開挖區。,地上1樓往地下1樓開挖區未設置防墜設備。工區地上1樓往地下1樓開挖區高差超過1.5公尺以上，未設置符合規定之安全上下設備。
844,（110建125）台北市北投區新民段二小段468地號住宅新建工程,彩城營造有限公司,1131113,1131128,停車機坑施工架。,僱用勞工於停車機坑施工架從事營建施工管理等作業，高度2公尺以上開口未設置護欄、安全網等防護設備。於停車機坑施工架未設置安全上下設備。
845,國定古蹟臺北機廠柴電工場、舊技工養成所等建物修復及再利用工程,逢昌營造有限公司,1131113,1131118,舊技工養成所旁施工架。,於高差2公尺以上之工作場所邊緣及開口部分，未設置符合規定之護欄、護蓋、安全網或配掛安全帶之防墜設施。
846,國定古蹟臺北機廠組立工場修復工程,逢昌營造有限公司,1131113,1131118,臺北機廠組立工場東側施工架。,於高差2公尺以上之工作場所邊緣及開口部分，未設置符合規定之護欄、護蓋、安全網或配掛安全帶之防墜設施。
847,鄭宇華（即建興工程行）,鄭宇華（即建興工程行）,1131115,1131120,臺北市中正區博愛路132號外牆清洗作業。,於臺北市中正區博愛路132號3樓室內使用以95無鉛汽油為料之高壓清洗機進行外牆清洗作業未採通風措施，發生CO中毒災害。
848,（111建096）臺北市內湖區西湖段二小段集合住宅新建工程,穩聖營造有限公司,1131115,1131121,全區外牆施工架。,於高差2公尺以上之工作場所邊緣及開口部分，未設置符合規定之護欄、護蓋、安全網或配掛安全帶之防墜設施。
849,萬芳高中太陽能光電建置工程,億冠綠能科技工程行,1131115,1131120,活動中心屋頂太陽能板。,於活動中心屋頂太陽能板從事太陽能板安裝作業，勞工有墜落、滾落之虞，未設置防護措施。於活動中心屋頂易踏穿材料之太陽能板從事太陽能板安裝作業，未規劃安全通道，於屋架上設置適當強度，且寬度在30公分以上之踏板，並於下方適當範圍裝設堅固格柵或安全網等防墜設施。
850,（110建028）住宅大樓新建工程,呈居營造股份有限公司,1131116,1131126,全區外牆施工架。,於高差2公尺以上之工作場所邊緣及開口部分，未設置符合規定之護欄、護蓋、安全網或配掛安全帶之防墜設施。
851,（110建252）隆遠集團芯談美辦公大樓新建工程,同興營造工程股份有限公司,1131119,1131126,5樓至12樓東西向陽臺。,於高差2公尺以上之工作場所邊緣及開口部分，未設置符合規定之護欄、護蓋、安全網或配掛安全帶之防墜設施。
852,（111建098）111建字第0098號集合住宅新建工程,同助營造有限公司,1131119,1131127,全區外牆施工架。,於高差2公尺以上之工作場所邊緣及開口部分，未設置符合規定之護欄、護蓋、安全網或配掛安全帶之防墜設施。
853,（111建303）大安區金華段369地號新建工程,羱禾營造有限公司,1131120,1131121,2樓板、3樓板及樓梯。,於高差2公尺以上之工作場所（2樓板、3樓板及樓梯）邊緣及開口部分，未設置符合規定之護欄、護蓋、安全網或配掛安全帶之防墜設施。
854,（110建213）舊宗段辦公大樓新建工程,友聯建築股份有限公司,1131122,1131129,2樓陽臺及8樓產業作業區。,於高差2公尺以上之工作場所邊緣及開口部分，未設置符合規定之護欄、護蓋、安全網或配掛安全帶之防墜設施。
855,（109建021）恆合龍泉段109-0021號集合住宅新建工程,恆合營造有限公司,1131122,1131129,外牆施工架。,外牆施工架開口無防護。
856,（109建079）士林區光華段三小段4、47地號新建工程,昭安工程有限公司,1131126,1131127,西側外牆施工架。,西側外牆施工架拆除作業未設置符合規定之護欄、護蓋、安全網或配掛安全帶之防墜設施。
857,（112建182）台北市南港區玉成段公辦都市更新案新建工程,永裕鋼鐵工程股份有限公司,1131126,1131127,中間樁接裝用電焊機共5台。,於良導體上、良導體機器設備內之狹小空間及濕潤場所作業，所使用之交流電焊機，未裝設自動電擊防止裝置。
858,（107建095）臺北市大安區辛亥段四小段辦公大樓新建工程,龍進營造有限公司,1131127,1131203,A、B樓梯（全區）。,A、B樓梯（全區）開口無防護。
859,（110建190）大覲建設八德路集合住宅新建工程,春越營造股份有限公司,1131128,1131202,外牆施工架。,外牆施工架未設置防墜設備。
860,（111建303）大安區金華段369地號新建工程,羱禾營造有限公司,1131129,1131202,3樓板。,於高差2公尺以上之工作場所（3樓板）邊緣及開口部分，未設置符合規定之護欄、護蓋、安全網或配掛安全帶之防墜設施。
861,（109建201）臺北市萬華區福星段二段商業大樓新建工程,力方開發事業股份有限公司,1131129,1131220,1至9樓B、C鋼梯。,僱用勞工於1至9樓B、C鋼梯從事營建施工管理作業，高度超過2公尺以上未設置護欄、護蓋或安全網等防護設備。
862,（110建342）台北市中山區正義段一小段336地號等5筆土地危老重建新建工程,虹利達有限公司,1131130,1131202,外牆施工架。,僱用勞工於外牆施工架從事拆架等作業，高度2公尺以上開口未設置護欄、安全網等防護設備。
863,錢櫃企業股份有限公司（台北西門分公司）,錢櫃企業股份有限公司（台北西門分公司）,1131114,1140226,錢櫃企業股份有限公司台北西門分公司之8樓陽臺。,錢櫃企業股份有限公司台北西門分公司之8樓陽臺發生墜落重大職業災害。
864,（110建088）南港區中南段2小段住宅新建工程,世國營造有限公司,1131130,1131211,全區外牆施工架。,於高差2公尺以上之工作場所邊緣及開口部分，未設置符合規定之護欄、護蓋、安全網或配掛安全帶之防墜設施。
865,（110建056）北市110建字第0056號集合住宅新建工程,展瑞營造股份有限公司,1131202,1131206,全區外牆施工架。,於高差2公尺以上之工作場所邊緣及開口部分，未設置符合規定之護欄、護蓋、安全網或配掛安全帶之防墜設施。
866,（111建039）民生水資源再生中心暨下水道環境教育館新建工程統包案,利德工程股份有限公司,1131204,1131208,外牆施工架。,外牆施工架開口無防護且未設安全上下設備。
867,（111建262）品嘉建設大安區大安段新建工程,品嘉營造股份有限公司,1131206,1131210,外牆施工架。,外牆施工架開口無防護。
868,忠誠路2段10巷18號外牆修繕工程,劉治漢,1131206,1140210,外牆修繕區施工架。,本工地外牆修繕區施工架高差2公尺以上之工作場所邊緣及開口部分，未設置符合規定之護欄、護蓋、安全網或配掛安全帶之防墜設施。且施工架高差超過1.5公尺以上，未設置符合規定之安全上下設備。
869,（110建105）冠輝京品新建工程,華志營造股份有限公司,1131207,1131211,全區外牆施工架。,於高差2公尺以上之工作場所邊緣及開口部分，未設置符合規定之護欄、護蓋、安全網或配掛安全帶之防墜設施。
870,（111建021）臺北市立和平高級中學教學大樓新建工程,三星營造股份有限公司,1131208,1131211,地下2樓。,地下2樓板開口無防護。
871,（110建157）晶鑽集合住宅新建工程,弘原營造有限公司,1131211,1131223,地下1樓至地下3樓樓梯。,地下1樓至地下3樓樓梯開口部分未防護。
872,（112建189）臺北市士林區百齡段五小段139地號新建工程,城甲營造股份有限公司,1131212,1131216,升降車位機坑。,僱用勞工於升降車位機坑從事營建施工管理等作業，高度2公尺以上開口未設置護欄、護蓋、安全網等防護設備。
873,（110建025）綠水湛新建工程,弘原營造有限公司,1131212,1131219,全區外牆施工架、安全梯間。,全區外牆施工架、安全梯間高差2公尺以上之工作場所邊緣及開口部分，未設置符合規定之護欄、護蓋、安全網或配掛安全帶之防墜設施。
874,華固北投接待中心暨鋼架工程,仲瑩室內裝修有限公司,1131213,1131218,全區施工架、2樓板。,僱用勞工於全區施工架、2樓板從事營建施工管理等作業，高度2公尺以上開口未設置護欄、護蓋、安全網等防護設備。
875,（109建192）黃英豪等7名住宅新建工程,皇鑫營造股份有限公司,1131217,1131230,外牆施工架及2、3樓電梯井。,僱用勞工於外牆施工架及2、3樓電梯井從事營建施工管理作業，高度超過2公尺以上未設置護欄、護蓋或安全網等防護設備。
876,（111建303）大安區金華段369地號新建工程,羱禾營造有限公司,1131220,1131224,4樓及外牆施工架。,4樓及外牆施工架開口無防護。
877,（110建263）金慶實業林森北路案新建工程,台灣松下營造股份有限公司,1131223,1131230,外牆施工架。,外牆施工架未設置防墜設備。
878,（109建127）中正區臨沂街二小段0032地號新建工程,堡石營造股份有限公司,1131224,1131227,外牆施工架。,外牆施工架開口無防護。
879,歷史建築臺鐵舊宿舍臨沂街63巷19號修復工程,賀傑鋼鐵工業有限公司,1131225,1131230,鋼棚架。,於高差2公尺以上之工作場所邊緣及開口部分，未設置符合規定之護欄、護蓋、安全網或配掛安全帶之防墜設施，致113年12月18日發生墜落職災。
880,（110建053）城心曜曜住宅案新建工程,達欣工程股份有限公司,1131228,1140102,12至14樓外牆施工架。,12至14樓外牆施工架開口部分未防護。
881,（112建098）國立臺北大學建國校區產業研發中心新建工程,建國工程股份有限公司,1131231,1140115,東棟地上9樓施工架。,東棟地上9樓施工架未確實以斜撐材支撐。
882,（112建098）國立臺北大學建國校區產業研發中心新建工程,永祿工程有限公司,1131231,1140115,東棟地上9樓施工架。,東棟地上9樓施工架未確實以斜撐材支撐。
883,臺大醫院舊館西址鍋爐室（含洗衣房）重組工程,新瑞營造有限公司,1140103,1140107,屋頂層。,於高差2公尺以上之工作場所邊緣及開口部分，應設置符合規定之護欄、護蓋、安全網或配掛安全帶之防墜設施。
884,（110建293）衛理宣教教育大樓新建工程,旺邦營造股份有限公司,1140104,1140107,3樓、6樓至屋頂、5樓室內施工架、外牆施工架。,3樓、6樓至屋頂、5樓室內施工架、外牆施工架開口無防護。
885,（110建109）寶鋪CARE集合住宅大樓新建工程,昶明營造股份有限公司,1140105,1140107,1樓到3樓樓梯。,於高差2公尺以上之工作場所邊緣及開口部分，未設置符合規定之護欄、護蓋、安全網或配掛安全帶之防墜設施。
886,（110建008）璞億丹陽案集合住宅新建工程,璞承營造股份有限公司,1140105,1140109,全區外牆施工架。,於高差2公尺以上之工作場所邊緣及開口部分，未設置符合規定之護欄、護蓋、安全網或配掛安全帶之防墜設施。
887,（110建251）連雲建設龍泉段二小段0745-0000號新建工程,展瑞營造股份有限公司,1140107,1140113,全區外牆施工架。,於高差2公尺以上之工作場所邊緣及開口部分，未設置符合規定之護欄、護蓋、安全網或配掛安全帶之防墜設施。
888,（110建190）大覲建設八德路集合住宅新建工程,春越營造股份有限公司,1140109,1140115,7~10樓樓梯間、2樓陽台。,僱用勞工於7~10樓樓梯間、2樓陽台從事營建施工管理等作業，高度2公尺以上開口未設置護欄、護蓋、安全網等防護設備。
889,（111建158）萬華直興段新建工程,根基營造股份有限公司,1140114,1140116,1樓車道。,僱用勞工於1樓車道從事營建施工管理等作業，高度2公尺以上開口未設置護欄、安全網等防護設備。
890,（109建190）臺北市士林區百齡段六小段191地號新建工程,大信營造股份有限公司,1140114,1140120,全區外牆施工架。,僱用勞工於全區外牆施工架從事營建施工管理等作業，高度2公尺以上開口未設置護欄、護蓋、安全網等防護設備。
891,（113拆076）拆除工程,高順成（即全益工程行）,1140117,1140120,全區竹架。,於高差2公尺以上之工作場所邊緣及開口部分，未設置符合規定之護欄、護蓋、安全網或配掛安全帶之防墜設施。
892,（112建012）士林區至善段三小段405地號電梯增建工程,長昆營造有限公司,1140118,1140210,電梯直井。,僱用勞工於電梯直井從事營建施工管理等作業，高度2公尺以上開口未設置護欄、護蓋、安全網等防護設備。
893,（110建319）首鋼懷生三小段新建工程,首鋼營造股份有限公司,1140120,1140123,全區施工架。,於高差2公尺以上之工作場所邊緣及開口部分，未設置符合規定之護欄、護蓋、安全網或配掛安全帶之防墜設施。
894,（109建170）臺北市立大安高級工業學校新建綜合教學大樓工程,日富營造股份有限公司,1140122,1140210,全區外牆施工架。,於高差2公尺以上之工作場所邊緣及開口部分，未設置符合規定之護欄、護蓋、安全網或配掛安全帶之防墜設施。
895,（110建227）金齡建設商業集合住宅新建工程,開揚營造股份有限公司,1140123,1140205,全區外牆施工架。,於高差2公尺以上之工作場所邊緣及開口部分，未設置符合規定之護欄、護蓋、安全網或配掛安全帶之防墜設施。
896,（110建052）龍雲寺新建工程,順東營造股份有限公司,1140123,1140207,全區外牆施工架。,於高差2公尺以上之工作場所邊緣及開口部分，未設置符合規定之護欄、護蓋、安全網或配掛安全帶之防墜設施。
897,（111建109）采豐生活建築股份有限公司房屋新建工程,松旭營造股份有限公司,1140205,1140207,構臺及地下1樓。,構臺開口未設防護且通往地下1樓未設安全上下設備。
898,（111建199）111建字第0199號新建工程,信昶營造股份有限公司,1140206,1140212,全區外牆施工架。,於高差2公尺以上之工作場所邊緣及開口部分，未設置符合規定之護欄、護蓋、安全網或配掛安全帶之防墜設施。
899,（110建210）士林區三玉段四小段387地號集合住宅新建工程,焌泰營造股份有限公司,1140206,1140211,地外牆施工架。,僱用勞工於外牆施工架從事營建施工管理等作業，高度2公尺以上開口未設置護欄、安全網等防護設備。
900,（110建346）附中仁新建工程,吉宗營造股份有限公司,1140207,1140212,區外牆施工架。,於高差2公尺以上之工作場所邊緣及開口部分，未設置符合規定之護欄、護蓋、安全網或配掛安全帶之防墜設施。
901,（111建352）築源建設南港明珠新建工程,森城建設股份有限公司,1140217,1140219,地下2樓梁模。,地下2樓梁模開口未設防護且未設安全上下設備。
902,（111建336）111建字第0336號新建工程,豐利富營造股份有限公司,1140218,1140225,外牆施工架、1樓升降機坑。,僱用勞工於外牆施工架、1樓升降機坑從事營建施工管理等作業，高度2公尺以上開口未設置護欄、護蓋、安全網等防護設備。
903,（112建130）上城捷座集合住宅裝修工程案,統和營造股份有限公司,1140220,1140326,南向樓梯。,於高差2公尺以上之工作場所邊緣及開口部分，未設置符合規定之護欄、護蓋、安全網或配掛安全帶之防墜設施。
904,（108建106）興富發建設北投大業段集合住宅新建工程,齊裕營造股份有限公司,1140227,1140304,16至19樓全區外牆及天井區施工架，19樓樓梯區、管道間。,16至19樓全區外牆及天井區施工架，19樓樓梯區、管道間高差2公尺以上之工作場所邊緣及開口部分，未設置符合規定之護欄、護蓋、安全網或配掛安全帶之防墜設施。
905,（112建049）112建字第0049號新建工程,豐利富營造股份有限公司,1140302,1140306,全區施工架。,於高差2公尺以上之工作場所邊緣及開口部分，未設置符合規定之護欄、護蓋、安全網或配掛安全帶之防墜設施。
906,（109建143）日日禾集合住宅新建工程,華熊營造股份有限公司,1140305,1130311,天井區外牆施工架。,於高差2公尺以上之工作場所邊緣及開口部分，未設置符合規定之護欄、護蓋、安全網或配掛安全帶之防墜設施。
907,（111建303）大安區金華段369地號新建工程,羱禾營造有限公司,1140310,1140418,2樓至4樓外牆施工架。,於高差2公尺以上之工作場所邊緣及開口部分，未設置符合規定之護欄、護蓋、安全網或配掛安全帶之防墜設施。
908,（108建046）臺北市中山區培英公共住宅新建工程,毅成建設股份有限公司,1140312,1140313,東側地上7樓至地上10樓外牆施工架。,東側地上7樓至地上10樓外牆施工架未設置防墜設備。
909,（110建201）林銀濨等四人住宅大樓新建工程,禾進營造工程有限公司,1140313,1140318,外牆施工架。,僱用勞工於外牆施工架從事營建施工管理作業，高度超過2公尺以上未設置護欄、護蓋或安全網等防護設備。
910,（113變使（准）字第0176號）總部分行及台北總行大樓1、2樓辦公大廳裝修工程,中欣室內裝修設計股份有限公司,1140317,1140321,1樓電扶梯口。,1樓電扶梯口未防護造成勞工紀OO踩空墜落。
911,（111建167）環南岸集合住宅新建工程,安家國際營造股份有限公司,1140319,1140326,電梯旁管道間。,於高差2公尺以上之工作場所邊緣及開口部分，未設置符合規定之護欄、護蓋、安全網或配掛安全帶之防墜設施。
912,（111建333）大昕建設辛亥路案住宅大樓新建工程,麗高營造股份有限公司,1140322,1140325,全區外牆施工架。,於高差2公尺以上之工作場所邊緣及開口部分，未設置符合規定之護欄、護蓋、安全網或配掛安全帶之防墜設施。
913,（110建230）新合茂建設鉑舍大樓新建工程,信升昌營造股份有限公司,1140322,1140418,工區（工務所除外）。,發生勞工死亡重大災害檢查。
914,（110建108）110建字第0108號新建工程,大佳營造工程有限公司,1140325,1140328,全區施工架。,於高差2公尺以上之工作場所邊緣及開口部分，未設置符合規定之護欄、護蓋、安全網或配掛安全帶之防墜設施。
915,（110建086）筑丰敦匯新建工程,日商日本國土開發股份有限公司台灣分公司,1140327,1140328,地上20樓、21樓電梯井及樓梯，地下1樓取土口。,地上20樓、21樓電梯井及樓梯，地下1樓取土口未設置防墜設備。
916,沛利達工程有限公司,沛利達工程有限公司,1140328,1140626,北市內湖區港墘路220號新世紀資通股份有限公司大樓10樓頂冷卻水塔。,勞工李OO高度在2公尺以上之工作場所作業，因護蓋斷裂發生墜落，以致左腳踝遭葉片捲夾，造成左腳踝截肢重傷職業災害。
917,（113建052）富邦人壽保險股份有限公司房屋新建工程,力陽工程有限公司,1140330,1140401,1樓樑板組模區。,1樓樑板組模區高差2公尺以上之工作場所邊緣及開口部分，未設置符合規定之護欄、護蓋、安全網或配掛安全帶之防墜設施。
918,（110建100）六德建設松江南京長安段三小段新建工程,金藏營造工程股份有限公司,1140406,1140416,外牆施工架。,僱用勞工於外牆施工架從事營建施工管理作業，高度超過2公尺以上未設置護欄、護蓋或安全網等防護設備。
919,國立臺灣大學化學工程館外牆整修與屋頂防水工程,台灣南海股份有限公司,1140407,1140416,外牆施工架。,外牆施工架開口無防護。
920,御心綻接待中心暨樣品屋工程,鄭耀輝（即鼎曜工程行）,1140409,1140416,全區鋼構及2、3樓鋼梁。,全區鋼構開口未設防護，2、3樓鋼梁未設安全上下設備。
921,（108建046）臺北市中山區培英公共住宅新建工程,毅成建設股份有限公司,1140416,1140417,乙梯樓梯間管道。,於高差2公尺以上之工作場所邊緣及開口部分，未設置符合規定之護欄、護蓋、安全網或配掛安全帶之防墜設施。
922,（111建307）新總陽建設商辦大樓新建工程,台灣大林組營造股份有限公司,1140416,1140417,2、3樓電梯間（含梯廳）。,2、3樓電梯間（含梯廳）高差2公尺以上之工作場所邊緣及開口部分，未設置符合規定之護欄、護蓋、安全網。
923,（110建222）日安吉林新建工程,高田營造有限公司,1140419,1140422,外牆施工架、1樓至地下3樓機械機坑施工架。,僱用勞工於外牆施工架、1樓至地下3樓機械機坑施工架從事營建施工管理作業，高度超過2公尺以上未設置護欄、護蓋或安全網等防護設備。
924,（113拆079）炎洲士林區百齡段房屋拆除工程,旺洲開發股份有限公司,1140422,1140618,全工區（工務所除外）。,因拆除階段中有結構物之穩定性之疑，致可能發生倒塌職業災害之虞。
925,國立臺灣大學醫學院附設醫院東址外牆更新工程,翔聯企業股份有限公司,1140422,1140730,工務所以外全部工區。,發生勞工蘇OO死亡職業災害。
926,（113建066）克強公園游泳池改建全民運動館統包工程,久佳營造工程股份有限公司,1140425,1140430,第2、3支撐。,僱用勞工於第2、3支撐從事營建施工管理等作業，高度2公尺以上開口設置護欄、護蓋、安全網等防護設備有困難，未採取使勞工使用安全帶等防止墜落措施。
927,玉山高空工程有限公司,玉山高空工程有限公司,1140428,1140429,全坤雲峰社區A棟外牆及玻璃清洗作業。,全坤雲峰社區A棟外牆及玻璃清洗作業，高差2公尺以上之工作場所邊緣及開口部分，未設置符合規定之護欄、安全網或配掛安全帶之防墜設施。
928,（113建040）雋品建設股份有限公司中正區永昌段四小段新建工程,富麗營造股份有限公司,1140506,1140514,1樓取土口。,1樓取土口，未設置符合規定之護欄、護蓋、安全網。
929,（110建107）廖瓊雲等6名住宅新建工程,紅林建設股份有限公司,1140506,1140515,屋突施工架。,僱用勞工於屋突施工架從事營建施工管理等作業，高度2公尺以上開口未設置護欄、護蓋、安全網等防護設備。
930,（109建277）臺北市北投區機一基地公共住宅統包工程,國記營造股份有限公司,1140507,1140508,B棟3樓至14樓樓梯管道間。,僱用勞工於B棟3樓至14樓樓梯管道間從事營建施工管理等作業，高度2公尺以上開口未設置護欄、安全網等防護設備。
931,（110建263）金慶實業林森北路案新建工程,正齊企業有限公司,1140509,1140513,外牆施工架。,僱用勞工於外牆施工架從事施工架作業，高度超過2公尺以上未設置護欄、護蓋或安全網等防護設備。
932,（110建092）基泰大安新建工程,雄陞營造股份有限公司,1140509,1140519,外牆施工架、各樓層管道間。,外牆施工架、各樓層管道間未設置防墜設備。
933,（111建341）九榮興業股份有限公司新建工程,瑞恆營造股份有限公司,1140509,1140513,第3層安全支撐、全區地梁。,第3層安全支撐開口無防護，全區地梁未設安全上下設備。
934,文林路298號外牆修繕工程,正發行,1140515,1140516,外牆施工架。,僱用勞工於外牆施工架從事營建施工管理等作業，高度2公尺以上開口未設置護欄、安全網等防護設備。
935,（110建352）翁世章等5名新建工程,隆豪營造有限公司,1140515,1140521,外牆施工架。,僱用勞工於外牆施工架從事營建施工管理作業，高度超過2公尺以上未設置護欄、護蓋或安全網等防護設備。
936,南港區福山街2巷1弄17號3樓遮陽板工程,詹建忠（即漢翔金屬企業社）,1140516,1140527,3樓遮陽板。,3樓遮陽板未設置符合規定之護欄、護蓋、安全網或配掛安全帶之防墜設施，且未設置適當強度，寬度在30公分以上之踏板，未於下方適當範圍裝設堅固格柵或安全網等防墜設施。
937,（112建019）台北市北投區軟橋段新建工程,陽明營造股份有限公司,1140520,1140521,3樓板。,僱用勞工於3樓板從事營建施工管理等作業，高度2公尺以上開口未設置護欄、護蓋、安全網等防護設備。
938,（110建358）享享瑞安新建工程,新憶營造有限公司,1140521,1140526,地上5樓到6樓及屋突層外牆施工架、地上6樓樓梯。,地上5樓到6樓及屋突層外牆施工架、地上6樓樓梯未設置防墜設備。
939,（111建361）樂揚映白建築暨機電新建工程,辰豐營造股份有限公司,1140601,1140606,地下3樓到地上6樓電梯井。,於高差2公尺以上之工作場所邊緣及開口部分，未設置符合規定之護欄、護蓋、安全網或配掛安全帶之防墜設施，致發生勞工吳O杰墜落職災。
940,（109建139）復翔建設南京葒集合住宅新建工程,盛堂營造有限公司,1140602,1140605,外牆施工架。,僱用勞工於外牆施工架從事營建施工管理作業，高度超過2公尺以上未設置護欄、護蓋或安全網等防護設備。
941,（109建192）黃英豪等7名住宅新建工程,皇鑫營造股份有限公司,1140602,1140427,外牆施工架。,僱用勞工於外牆施工架從事營建施工管理作業，高度超過2公尺以上未設置護欄、護蓋或安全網等防護設備。
942,惠群大廈外牆修繕工程,磐實開發工程股份有限公司,1140603,1140618,外牆施工架。,僱用勞工於外牆施工架從事營建施工管理作業，高度超過2公尺以上未設置護欄、護蓋或安全網等防護設備。
943,利晉崧喆樣品屋接待中心搭建工程,雅屋空間設計有限公司,1140608,1140611,2樓板、外牆施工架、2樓室內施工架。,2樓板、外牆施工架、2樓室內施工架開口無防護。
944,（111建257）宏鑫建設新建工程,欣榮營造有限公司,1140617,1140619,全區外牆施工架。,於高差2公尺以上之工作場所邊緣及開口部分，未設置符合規定之護欄、護蓋、安全網或配掛安全帶之防墜設施。
945,（111建291）松山區敦化段二小段9地號1筆新建工程,北昌營造股份有限公司,1140618,1140630,1、3、6樓室內施工架、天井施工架及外牆施工架。,1、3、6樓室內施工架、天井施工架及外牆施工架開口無防護。
946,大同智能股份有限公司,大同智能股份有限公司,1140621,1141201,美國在台協會AIT太陽能建置工程。,發生勞工吳OO死亡職業災害。
947,（110建373）臺北市士林區天母段集合住宅新建工程,松旭營造股份有限公司,1140623,1140702,全區外牆施工架。,僱用勞工於全區外牆施工架從事營建施工管理等作業，高度2公尺以上開口未設置護欄、安全網等防護設備。
948,（111建010）綠意久康新建工程,耀仁營造股份有限公司,1140625,1140701,全區外牆施工架。,於高差2公尺以上之工作場所邊緣及開口部分，未設置符合規定之護欄、護蓋、安全網或配掛安全帶之防墜設施。
949,（112建111）皇翔建設漢中段新建工程,北昌營造股份有限公司,1140705,1140707,棄土坑周圍。,於高差2公尺以上之工作場所邊緣及開口部分，未設置符合規定之護欄、護蓋、安全網或配掛安全帶之防墜設施。
950,（113建151）寶舖全健築知行新建工程,全葳通運股份有限公司,1140708,1140711,外牆施工架。,外牆施工架未設置防墜設備。
951,114年度游泳池整修工程,潤康股份有限公司,1140710,1140901,本工地除工務所以外之全部工區。,發生勞工林OO死亡職業災害。
952,（111建227）台北市內湖區東湖段一小段14-2地號（聯邦合家歡福祿區）都市更新工程,帆登營造股份有限公司,1140711,1140723,B棟、C棟樓梯間（含管道間）。,於高差2公尺以上之工作場所邊緣及開口部分，未設置符合規定之護欄、護蓋、安全網或配掛安全帶之防墜設施。
953,（111建303）大安區金華段369地號新建工程,羱禾營造有限公司,1140717,1140907,地上2樓到屋突層之陽台、屋突層樓梯。,地上2樓到屋突層之陽台、屋突層樓梯未設置防墜設備。
954,（109建267）吉美君悦大樓新建工程,森城建設股份有限公司,1140717,1140724,全區外牆施工架。,於高差2公尺以上之工作場所邊緣及開口部分，未設置符合規定之護欄、護蓋、安全網或配掛安全帶之防墜設施。
955,大安區行政中心外牆整修工程,冠君營造有限公司,1140721,1140812,西側10樓露臺至屋突層（含外牆施工架）。,僱用勞工於西側10樓露臺至屋突層（含外牆施工架）從事營建施工管理等作業，高度2公尺以上邊緣及開口部分，未設置符合規定之護欄、護蓋、安全網等安全防護設備。
956,（110建212）隆遠暨富樂群光里蘊住宅新建工程,台灣舖道工程股份有限公司,1140801,1140811,全區外牆施工架。,於高差2公尺以上之工作場所邊緣及開口部分，未設置符合規定之護欄、護蓋、安全網或配掛安全帶之防墜設施。
957,（110建266）聯洋開發股份有限公司集合住宅新建工程,安和營造有限公司,1140801,1140912,地下1樓至地下3樓。,現場總揮發有機氣體蒸氣濃度達400 ppm（消防局量測值），致現場作業勞工發生中毒職業災害。
958,（111建152）中山區吉林段四小段住宅新建工程,嘉利營造廠股份有限公司,1140810,1140814,外牆施工架。,僱用勞工於外牆施工架從事營建施工管理作業，高度超過2公尺以上未設置護欄、護蓋或安全網等防護設備。
959,（111建070）華興段新建集合住宅大樓,志偉營造股份有限公司,1140812,1140818,全區外牆施工架。,於高差2公尺以上之工作場所邊緣及開口部分，未設置符合規定之護欄、護蓋、安全網或配掛安全帶之防墜設施。
960,大安區車層里市民大道4段168號等15筆裝修工程,富永營造股份有限公司,1140814,1140822,屋突施工架。,於高差2公尺以上之工作場所邊緣及開口部分，未設置符合規定之護欄、護蓋、安全網或配掛安全帶之防墜設施。
961,（112建027）力寶龍江路新建工程,和泰興營造股份有限公司,1140818,1140821,地下2樓及外牆施工架。,僱用勞工於地下2樓及外牆施工架從事營建施工管理作業，高度超過2公尺以上未設置護欄、護蓋或安全網等防護設備。
962,（111建291）松山區敦化段二小段9地號1筆新建工程,北昌營造股份有限公司,1140825,1140903,外牆施工架、天井施工架。,外牆施工架、天井施工架。
963,（111建106）臺北市政府消防局興隆分隊新建工程,文昌營造工程有限公司,1140903,1140908,全區外牆施工架。,於高差2公尺以上之工作場所邊緣及開口部分，未設置符合規定之護欄、護蓋、安全網或配掛安全帶之防墜設施。
964,（109建150）鴻暘建設華興段新建工程,台新營造有限公司,1140908,1140911,全區外牆施工架。,於高差2公尺以上之工作場所邊緣及開口部分，未設置符合規定之護欄、護蓋、安全網或配掛安全帶之防墜設施。
965,（111建116）吉美富徠合江街新建工程,禾進營造工程有限公司,1140910,1140917,全區外牆施工架。,外牆施工架開口無防護。
966,惠群大廈外牆修繕工程,磐實開發工程股份有限公司,1140912,1140930,全區外牆施工架。,外牆施工架開口無防護。
967,（111建033）臺北市文山區木柵路二小段535等5筆地號集合住宅新建工程,吉宗營造股份有限公司,1140919,1140923,10樓至14樓外牆施工架。,於高差2公尺以上之工作場所邊緣及開口部分，未設置符合規定之護欄、護蓋、安全網或配掛安全帶之防墜設施。
968,（111建363）北投區奇岩段三小段11.12地號集合住宅新建工程,豪豐營造股份有限公司,1140929,1141002,外牆施工架、2樓至9樓樓板。,僱用勞工於外牆施工架、2樓至9樓樓板從事營建施工管理等作業，高度2公尺以上開口未設置護欄、安全網等防護設備。
969,自來水塔暨溫泉水塔清洗工程,東泰順實業有限公司,1140929,無復工處理,3樓溫泉池。,發生勞工林OO死亡職業災害。
970,（109建122）國家軍事博物館新建工程,宏昇營造股份有限公司,1141013,1141020,4樓室內施工架。,天井施工架、外牆施工架、屋突施工架、4樓室內施工架開口無防護。4樓室內施工架未設安全上下設備。
971,（109建015）紘陽建設股份有限公司集合住宅新建工程,大業工程股份有限公司,1141017,1141031,全區外牆施工架。,於高差2公尺以上之工作場所邊緣及開口部分，未設置符合規定之護欄、護蓋、安全網或配掛安全帶之防墜設施。
972,臺北市開南高級中等學校中央樓屋突層頂防水工程,宏泰工程有限公司,1141017,1141229,中央樓屋突層頂。,於高差2公尺以上之工作場所邊緣及開口部分，未設置符合規定之護欄、護蓋、安全網或配掛安全帶之防墜設施。
973,（111建167）環南岸集合住宅新建工程,安家國際營造股份有限公司,1141018,1141022,地下1樓車道。,僱用勞工於地下1樓車道從事營建施工管理作業，高度超過2公尺以上未設置護欄、護蓋或安全網等防護設備。
974,（111建169）首笠建設大樓新建工程,吉宗營造股份有限公司,1141023,1141114,全區管道間。,於高差2公尺以上之工作場所邊緣及開口部分，未設置符合規定之護欄、護蓋、安全網或配掛安全帶之防墜設施。
975,（110建107）廖瓊雲等6名住宅新建工程,紅林建設股份有限公司,1141029,1141107,1樓至屋突1樓樓梯。,僱用勞工於1樓至屋突1樓樓梯從事營建施工管理等作業，高度2公尺以上開口未設置護欄、安全網等防護設備。
976,溫泉路天主巷民宅溫泉儲水槽清洗作業,東昇清潔工程有限公司,1141102,無復工處理,溫泉儲水槽。,發生勞工雲OO、謝O死亡職業災害。
977,（109建140）臺北市中山區中山段四小段42地號等9筆土地危老重建新建工程,全城營造廠有限公司,1141114,1141118,全區外牆施工架及天井施工架。,外牆施工架及天井施工架開口無防護。
978,艋舺公園景觀改善工程,稻田營造有限公司,1141115,1141117,水池鋼構。,於高差2公尺以上之工作場所邊緣及開口部分，未設置符合規定之護欄、護蓋、安全網或配掛安全帶之防墜設施。
979,公館路235巷15之3號裝修工程,黃永旭,1141119,1141126,全區外牆施工架。,僱用勞工於全區外牆施工架從事營建施工管理等作業，高度2公尺以上開口未設置護欄、安全網等防護設備。
980,（112建093）萬華莒光段新建工程,新大營造股份有限公司,1141121,1141125,11樓至13樓外牆施工架。,僱用勞工於11樓至13樓，屋突外牆施工架從事營建施工管理作業，高度超過2公尺以上未設置護欄、護蓋或安全網等防護設備。
981,（111建080）臺北市職能發展學院原機工大樓及學員宿舍用地改建工程,永龍企業股份有限公司,1141125,1141201,新職能大樓冷媒及冰水管道間。,於高差2公尺以上之工作場所邊緣及開口部分，未設置符合規定之護欄、護蓋、安全網或配掛安全帶之防墜設施，致勞工發生受傷職業災害。
982,（110建023）博愛花苑集合住宅新建工程,欣榮營造有限公司,1141202,1141209,地下1樓到屋突2樓樓梯。,於高差2公尺以上之工作場所邊緣及開口部分，未設置符合規定之護欄、護蓋、安全網或配掛安全帶之防墜設施。
983,（111建195）士林區華岡段四小段215、217-1等2筆地號原有合法房屋拆除新建工程,滙源營造股份有限公司,1141206,1141212,全區外牆施工架。,工地全區外牆施工架於高差2公尺以上之工作場所邊緣及開口部分，未設置符合規定之護欄、護蓋、安全網或配掛安全帶之防墜設施。
984,大安區行政中心外牆整修工程,冠君營造有限公司,1141206,1141209,全區外牆施工架。,於高差2公尺以上之工作場所邊緣及開口部分，未設置符合規定之護欄、護蓋、安全網或配掛安全帶之防墜設施。
985,（111建318）宸泓建設-松江「ONE」住宅新建工程,隆立營造股份有限公司,1141207,1141223,全區外牆施工架。,外牆施工架開口無防護。
986,筑丰慶城接待中心裝修工程,原廣工程有限公司,1141209,1141215,全區施工架、2樓及3樓板。,"僱用勞工於全區施工架、2,3樓板從事營建施工管理等作業，高度2公尺以上開口未設置護欄、護蓋、安全網等防護設備。"
987,（110建262）和暘建設景中街和暘W大樓新建工程,昶明營造股份有限公司,1141210,1141215,全區外牆施工架。,於高差2公尺以上之工作場所邊緣及開口部分，未設置符合規定之護欄、護蓋、安全網或配掛安全帶之防墜設施。
988,（108建252）巴迪資產溫泉路大樓新建工程,巨盛營造股份有限公司,1141210,1141229,外牆施工架。,僱用勞工於外牆施工架從事營建施工管理作業，高度超過2公尺以上未設置護欄、護蓋或安全網等防護設備。
989,（104建219）基泰建設股份有限公司-內湖區碧湖段集合住宅新建工程,睿森營造有限公司,1141211,1141216,全區施工架。,僱用勞工於全區施工架從事營建施工管理作業，高度2公尺以上開口未設置護欄、護蓋、安全網等防護設備。
990,（111建080）臺北市職能發展學院原機工大樓及學員宿舍用地改建工程,三星營造股份有限公司,1141213,1150102,B棟宿舍北面陽臺。,於高差2公尺以上之B棟宿舍北面陽臺施工架，未設置符合規定之護欄、護蓋、安全網或配掛安全帶之防墜設施。
991,（111建017）國揚吉麟新建工程,大陸工程股份有限公司,1141215,1141219,全區外牆施工架。,外牆施工架開口無防護。
992,（111建258）第一果菜（含堤內中繼）及萬大魚類批發市場改建統包工程,中華工程股份有限公司,1141215,1150124,本工工區4樓頂東南側（Y2~Y0）。,移工潘OO發生墜落職業災害。
993,（112建212）弘暉萬華區雙園段736地號共9筆新建工程,弘庭營造股份有限公司,1141216,1141218,外牆施工架。,僱用勞工於外牆施工架從事營建施工管理作業，高度超過2公尺以上未設置護欄、護蓋或安全網等防護設備。
994,（110建012）順天利原樹集合住宅新建工程,和泰興營造股份有限公司,1141218,1141222,全區外牆施工架。,外牆施工架未設安全上下設備。
995,（111建186）松山區寶清段四小段和風悅新建工程,友力營造股份有限公司,1141218,1141229,全區外牆施工架。,僱用勞工於全區外牆施工架從事營建施工管理等作業，高度2公尺以上開口未設置護欄、護蓋、安全網等防護設備。
996,（112建071）北投新民段集合住宅新建工程,吉宗營造股份有限公司,1141219,1141223,全區外牆施工架。,僱用勞工於全區外牆施工架從事營建施工管理等作業，高度2公尺以上開口未設置護欄、安全網等防護設備。
997,（112建190）國賓大建設集合式住宅新建工程,世國營造有限公司,1141221,1141226,A棟2樓。,A棟2樓開口無防護。
998,（112建016）嘉潤建設吉林段十一層集合住宅新建工程,順泰營造有限公司,1141222,1141230,全區外牆施工架。,外牆施工架開口無防護。
999,（112建017）臺北市北投區新民段三小段72、72-6地號新建工程,統和營造股份有限公司,1141223,1141230,全區外牆施工架、2樓至7樓陽臺。,僱用勞工於全區外牆施工架、2樓至7樓陽臺從事營建施工管理等作業，高度2公尺以上開口未設置護欄、安全網等防護設備。
1000,（112建030）台北市萬華區青年段一小段196、197、200地號店舖集合住宅新建工程,松聯營造股份有限公司,1141224,1141228,外牆施工架。,僱用勞工於外牆施工架從事營建施工管理作業，高度超過2公尺以上未設置護欄、護蓋或安全網等防護設備。
1001,114年度全市橋涵維護工程開口契約（第1標）,茂新工程行,1141227,1150303,臺北市中山區林森北路及南京東路一段交叉路口北側廢棄人行地下道。,使勞工於自然換氣不充分之工作場所，使用具有內燃機之引擎抽水機，未設置有效之換氣設施者，致使一氧化碳濃度在35 ppm以上，2名勞工一氧化碳中毒送醫。
1002,圓山諾貝爾大廈外牆修繕工程,磐實開發工程股份有限公司,1141230,1150203,1、2樓施工架。,僱用勞工於1、2樓施工架從事營建施工管理作業，高度2公尺以上未設置護欄、護蓋、安全網。
1003,（112建112）臺北歐洲學校中學校舍新建工程,大三億營造股份有限公司,1141231,1150106,電梯井。,於高差2公尺以上之工作場所邊緣及開口部分，未設置符合規定之護欄、護蓋、安全網或配掛安全帶之防墜設施。
1004,（111建329）振家實業大同區平陽街傳承大樓新建工程,長見營造有限公司,1141231,1150112,4樓電梯井開口。,對於高度2公尺以上的4樓電梯井開口之從事倒廢棄物等作業，未採取使勞工使用安全帶等防止墜落措施。
1005,使館專用區住宅大樓外牆更新及防水工程,鑫溢營造股份有限公司,1150120,1150122,全區外牆施工架。,於全區外牆施工架高差2公尺以上之工作場所邊緣及開口部分，未設置符合規定之護欄、護蓋、安全網或配掛安全帶之防墜設施。
1006,（111建277）𡻈盛建設辛亥段四小段集合住宅新建工程,大家營造股份有限公司,1150121,1150123,4樓板。,僱用勞工於4樓板從事營建施工管理等作業，高度2公尺以上開口未設置護欄、護蓋、安全網等防護設備。
1007,忠孝東路5段236巷60號1、2樓室內裝修工程,子曰美學設計有限公司,1150126,1150310,1~2樓梯、2樓電梯廳、電梯井。,於高差2公尺以上之工作場所邊緣及開口部分，未設置符合規定之護欄、護蓋、安全網或配掛安全帶之防墜設施。
1008,（114雜019）士東路46巷9、9-1號建築物新建電梯工程,華軒營造股份有限公司,1150128,1150202,鋼構組立區。,鋼構組立區高差2公尺以上之工作場所邊緣及開口部分，未設置符合規定之護欄、護蓋、安全網或配掛安全帶之防墜設施。
1009,（112建109）將捷行書住宅新建工程,安住營造股份有限公司,1150128,1150129,2樓板。,僱用勞工於2樓板從事營建施工管理等作業，高度2公尺以上開口未設置護欄、護蓋、安全網等防護設備。
1010,（109建285）台北市松山區寶清段新建工程,呈居營造股份有限公司,1150129,1150203,全區外牆施工架。,僱用勞工於全區外牆施工架從事營建施工管理等作業，高度2公尺以上開口未設置護欄、護蓋、安全網等防護設備。
1011,（110建092）基泰大安新建工程,雄陞營造股份有限公司,1150129,1150204,車道處施工架。,僱用勞工於車道處施工架從事雜項作業，高度超過2公尺以上未設置護欄、護蓋或安全網等防護設備。高差超過1.5公尺以上未設置安全上下之設備。
1012,和順興科技有限公司,和順興科技有限公司,1150131,,保麗龍回收區粉碎機及熱熔機。,未斷電進行粉碎機除交作業。
1013,（112建020）宏鋼建設開發金華段二小段新建工程,慶瑞營造股份有限公司,1150203,1150209,全區外牆施工架。,於高差2公尺以上之工作場所邊緣及開口部分，未設置符合規定之護欄、護蓋、安全網或配掛安全帶之防墜設施。
1014,（110建373）臺北市士林區天母段集合住宅新建工程,崧煇工程行,1150208,1150209,全區外牆施工架。,工地全區外牆施工架於高差2公尺以上之工作場所邊緣及開口部分，應設置符合規定之護欄、護蓋、安全網或配掛安全帶之防墜設施。
1015,（108建111）GWT宏築信義集合住宅新建工程,瑞助營造股份有限公司,1150209,1150223,A棟全區外牆施工架。,僱用勞工於A棟全區外牆施工架從事營建施工管理等作業，高度2公尺以上開口未設置護欄、安全網等防護設備。
1016,聯碩至善段樣品屋新建工程,原廣工程有限公司,1150210,1150223,全區外牆施工架及1樓室內挑高區施工架。,施工架開口無防護。
1017,（106建042）臺北市信義區三興段資源回收廠基地公共住宅新建工程,春原營造股份有限公司,1150212,1150224,全區外牆施工架及天井施工架。,全區外牆施工架及天井施工架開口無防護，且天井施工架未設安全上下設備。
1018,金泰盛有限公司,金泰盛有限公司,1150213,,切割裝有危險物、油類、可燃性粉塵等其他危險物容器之作業。,未事先清除鐵桶內之危害物並確認無危險之下情形下，使勞工蔡OO從事鐵桶切割作業，致勞工蔡員發生爆炸死亡之職業災害。
1019,國家文官學院教學大樓防水及碳纖貼附修繕工程,上煜營造有限公司,1150215,1150302,外牆施工架及天井施工架。,外牆施工架及天井施工架開口無防護。
1020,（114雜053）永吉路200巷52號電梯增建工程,華軒營造股份有限公司,1150224,1150303,2樓至4樓。,2樓至4樓開口無防護且未設安全上下設備。
1021,（110建043）臺北市文山區力行國民小學活動中心新建工程,崇偉營造工程股份有限公司,1150225,1150303,3樓全區。,於高差2公尺以上之工作場所邊緣及開口部分，未設置符合規定之護欄、護蓋、安全網或配掛安全帶之防墜設施。
1022,（109建112）首泰城人之美新建工程,新安營造有限公司,1150225,1150306,店鋪1樓至2樓樓梯。,於高差2公尺以上之工作場所邊緣及開口部分，未設置符合規定之護欄、護蓋、安全網或配掛安全帶之防墜設施。
1023,（109建110）「溫泉段」大樓新建工程,成家開發建設股份有限公司,1150226,,屋凸3層。,使用含有機溶劑混合物之底漆，未通風及未使勞工使用防護具，致使勞工昏迷。
1024,（113建052）富邦人壽保險股份有限公司房屋新建工程,地樺營造事業股份有限公司,1150302,1150312,2樓至9樓東側樓板。,僱用勞工於2樓至9樓東側樓板從事營建施工管理等作業，高度2公尺以上開口未設置護欄、安全網等防護設備。
1025,（114雜059）臺北市政府秘書處信義職舍外置電梯（含外牆檢測修復）工程,瑞德興營造有限公司,1150309,1150316,外牆施工架。,外牆施工架開口無防護。
1026,（113建038）朋記建設政大段集合住宅新建工程,益昌營造股份有限公司,1150311,1150316,地下1樓全區。,於高差2公尺以上之工作場所邊緣及開口部分，未設置符合規定之護欄、護蓋、安全網或配掛安全帶之防墜設施。
1027,(111建208)台北市大安區金華段危老重建集合住宅新建工程,開揚營造股份有限公司,1150311,1150313,外牆施工架。,僱用勞工於外牆施工架從事營建施工管理作業，高度超過2公尺以上未設置護欄、護蓋或安全網等防護設備。
1028,臺北市文山區辛亥國民小學風雨操場新建暨司令台拆除工程（屋頂設置太陽光電發電）採購案,邦興營造有限公司,1150313,1150318,屋頂鋼梁。,於高差2公尺以上之處所進行作業時，未使用高空工作車，或未以架設施工架等方法設置工作臺；設置工作臺有困難時，未採取張掛安全網或配掛安全帶之設施。
1029,(111建286)萬華區漢中段二小段0005-0014地號新建工程,金盟營造有限公司,1150318,1150327,地下5樓外牆施工架。,僱用勞工於全區外牆施工架場所從事營建施工管理等作業，高度2公尺以上開口未設置護欄、護蓋、安全網等防護設備。
1030,（110建360、111建245）國產建材實業-A棟企業總部大樓及B棟辦公大樓新建工程,利晉工程股份有限公司,1150318,,全區(工務所除外)。,發生彭OO死亡職業災害案。
1031,（110建375）金安年華岡542案新建工程,高度營造有限公司,1150319,1150408,全區施工架。,於高差2公尺以上之工作場所邊緣及開口部分，未設置符合規定之護欄、護蓋、安全網或配掛安全帶之防墜設施。
1032,(111建177)陳同實業文山區萬慶段住商大樓新建工程,樹盛營造股份有限公司,1150321,1150401,全區外牆施工架。,於高差2公尺以上之工作場所邊緣及開口部分，未設置符合規定之護欄、護蓋、安全網或配掛安全帶之防墜設施。
1033,（110建262）和暘建設景中街和暘W大樓新建工程,昶明營造股份有限公司,1150321,1150331,全區施工架。,於高差2公尺以上之工作場所邊緣及開口部分，未設置符合規定之護欄、護蓋、安全網或配掛安全帶之防墜設施。
1034,（111建186）松山區寶清段四小段和風悅新建工程,友力營造股份有限公司,1150323,1150401,地下1樓板。,僱用勞工於地下1樓板從事營建施工管理等作業，高度2公尺以上開口未設置護欄、護蓋、安全網等防護設備。
1035,鳥人拉麵有限公司,鳥人拉麵有限公司,1150416,1150421,1樓餐廳。,自然換氣不充分之工作場所，未置備空氣中一氧化碳濃度之測定儀器，並未隨時測定保持一氧化碳濃度在35PPM以下，有立即發生中毒危險之情事。
1036,（111建361）樂揚映白建築暨機電新建工程,辰豐營造股份有限公司,1150412,1150414,全區外牆施工架。,全區外牆施工架開口無防護。
1037,（112建273）北投區奇岩段三小段18.19地號集合住宅新建工程,豪豐營造股份有限公司,1150414,1150417,全區地梁。,僱用勞工於全區地梁從事營建施工管理等作業，高度2公尺以上開口未設置護欄、安全網等防護設備，且未設置安全上下設備。
1038,（109建192）臺北新生北路長安四小段等4筆地號新建工程,皇鑫營造股份有限公司,1150420,1150422,甲梯B3F~RF及乙梯1F~RF。,於高差2公尺以上之工作場所邊緣及開口部分，應設置符合規定之護欄、護蓋、安全網或配掛安全帶之防墜設施。
1039,（112建108）臺北市新州美段72地號新建工程,暐潤營造股份有限公司,1150418,1150423,A、B棟全區外牆施工架（含天井）。,於A、B棟全區外牆施工架（含天井）高差2公尺以上之工作場所邊緣及開口部分，未設置符合規定之護欄、護蓋、安全網或配掛安全帶之防墜設施。
1040,（110建315）臺北市信義區永吉段四小段152等4筆地號住宅新建工程,吉宗營造股份有限公司,1150421,1150424,2樓。,2樓開口未設防護。
1041,（113建038）朋記建設政大段集合住宅新建工程,益昌營造股份有限公司,1150422,1150427,1樓板全區。,於高差2公尺以上之工作場所邊緣及開口部分，未設置符合規定之護欄、護蓋、安全網或配掛安全帶之防墜設施。
1042,（111建013）永筑埕曦集合住宅新建工程,益昌營造股份有限公司,1150423,1150427,1樓店鋪1樓至2樓樓梯。,於高差2公尺以上之工作場所邊緣及開口部分，應設置符合規定之護欄、護蓋、安全網或配掛安全帶之防墜設施。
1043,（114雜081）忠孝東路5段423巷5弄27號電梯增建工程,康統營造有限公司,1150427,,全區鋼構。,全區鋼構開口未設防護，且未設安全上下設備。
